Year,Country of Origin Code,Country of Asylum Code,Country of Origin Name,Country of Asylum Name,Population Type,location,urbanRural,accommodationType,Female 0-4,Female 5-11,Female 12-17,Female 18-59,Female 60 or more,Female Unknown,Female Total,Male 0-4,Male 5-11,Male 12-17,Male 18-59,Male 60 or more,Male Unknown,Male Total,Total
#date+year,#country+code+origin,#country+code+asylum,#country+name+origin,#country+name+asylum,#indicator+population_type,,,,#affected+f+infants+age_0_4,#affected+f+children+age_5_11,#affected+f+adolescents+age_12_17,#affected+f+adults+age_18_59,#affected+f+elderly+age_60,#affected+f+unknown_age,#affected+f+total,#affected+m+infants+age_0_4,#affected+m+children+age_5_11,#affected+m+adolescents+age_12_17,#affected+m+adults+age_18_59,#affected+m+elderly+age_60,#affected+m+unknown_age,#affected+m+total,#affected+all+total
2001,USA,AUS,United States of America,Australia,ASY,Dispersed in the country / territory,V,U,0,0,0,0,0,0,0,0,0,0,0,0,0,0,6
2001,USA,AUS,United States of America,Australia,REF,Dispersed in the country / territory,V,U,0,0,0,0,0,0,0,0,0,0,0,0,0,0,0
2001,USA,CAN,United States of America,Canada,ASY,Dispersed in the country / territory,V,U,0,0,0,0,0,0,0,0,0,0,0,0,0,0,99
2001,USA,CAN,United States of America,Canada,REF,Dispersed in the country / territory,V,U,0,0,0,0,0,0,0,0,0,0,0,0,0,0,191
2001,USA,CRI,United States of America,Costa Rica,ASY,Dispersed in the country / territory,V,U,0,0,0,0,0,0,0,0,0,0,0,0,0,0,5
2001,USA,CRI,United States of America,Costa Rica,REF,Dispersed in the country / territory,V,U,0,0,0,0,0,0,0,0,0,0,0,0,0,0,5
2001,USA,DNK,United States of America,Denmark,REF,Dispersed in the country / territory,V,U,0,0,0,0,0,0,0,0,0,0,0,0,0,0,5
2001,USA,MEX,United States of America,Mexico,ASY,Mexico City,U,U,0,0,0,0,0,0,0,0,0,0,0,0,0,0,0
2001,USA,NLD,United States of America,Netherlands,ASY,Dispersed in the country / territory,V,U,0,0,0,0,0,0,0,0,0,0,0,0,0,0,0
2001,USA,NLD,United States of America,Netherlands,REF,Dispersed in the country / territory,V,U,0,0,0,0,0,0,0,0,0,0,0,0,0,0,5
2001,USA,SWE,United States of America,Sweden,REF,Dispersed in the country / territory,V,U,0,0,0,0,0,0,0,0,0,0,0,0,0,0,14
2001,USA,CHE,United States of America,Switzerland,REF,Dispersed in the country / territory,V,U,0,0,0,0,0,0,0,0,0,0,0,0,0,0,0
2002,USA,AUS,United States of America,Australia,ASY,Dispersed in the country / territory,V,U,0,0,0,0,0,0,0,0,0,0,0,0,0,0,5
2002,USA,AUS,United States of America,Australia,REF,Dispersed in the country / territory,V,U,0,0,0,0,0,0,0,0,0,0,0,0,0,0,0
2002,USA,CAN,United States of America,Canada,ASY,Dispersed in the country / territory,V,U,0,0,0,0,0,0,0,0,0,0,0,0,0,0,218
2002,USA,CAN,United States of America,Canada,REF,Dispersed in the country / territory,V,U,0,0,0,0,0,0,0,0,0,0,0,0,0,0,176
2002,USA,DNK,United States of America,Denmark,REF,Dispersed in the country / territory,V,U,0,0,0,0,0,0,0,0,0,0,0,0,0,0,5
2002,USA,DEU,United States of America,Germany,ASY,Dispersed in the country / territory,V,U,0,0,0,0,0,0,0,0,0,0,0,0,0,0,0
2002,USA,DEU,United States of America,Germany,REF,Dispersed in the country / territory,V,U,0,0,0,0,0,0,0,0,0,0,0,0,0,0,182
2002,USA,HKG,United States of America,"China, Hong Kong Special Administrative Region",ASY,Hong Kong,U,U,0,0,0,0,0,0,0,0,0,0,5,0,0,5,5
2002,USA,NLD,United States of America,Netherlands,ASY,Dispersed in the country / territory,V,U,0,0,0,0,0,0,0,0,0,0,0,0,0,0,0
2002,USA,NLD,United States of America,Netherlands,REF,Dispersed in the country / territory,V,U,0,0,0,0,0,0,0,0,0,0,0,0,0,0,5
2002,USA,PAN,United States of America,Panama,REF,Panama City,U,U,0,0,0,0,0,0,0,0,0,0,0,0,0,0,0
2002,USA,SWE,United States of America,Sweden,ASY,Dispersed in the country / territory,V,U,0,0,0,0,0,0,0,0,0,0,0,0,0,0,7
2002,USA,SWE,United States of America,Sweden,REF,Dispersed in the country / territory,V,U,0,0,0,0,0,0,0,0,0,0,0,0,0,0,15
2003,USA,AUS,United States of America,Australia,ASY,Dispersed in the country / territory,V,U,0,0,0,0,0,0,0,0,0,0,0,0,0,0,5
2003,USA,AUS,United States of America,Australia,REF,Dispersed in the country / territory,V,U,0,0,0,0,0,0,0,0,0,0,0,0,0,0,0
2003,USA,CAN,United States of America,Canada,ASY,Dispersed in the country / territory,V,U,0,0,0,0,0,0,0,0,0,0,0,0,0,0,340
2003,USA,CAN,United States of America,Canada,REF,Dispersed in the country / territory,V,U,0,0,0,0,0,0,0,0,0,0,0,0,0,0,167
2003,USA,DNK,United States of America,Denmark,REF,Dispersed in the country / territory,V,U,0,0,0,0,0,0,0,0,0,0,0,0,0,0,5
2003,USA,DEU,United States of America,Germany,REF,Dispersed in the country / territory,V,U,0,0,0,0,0,0,0,0,0,0,0,0,0,0,204
2003,USA,GTM,United States of America,Guatemala,ASY,Guatemala City,U,U,0,0,0,0,0,0,0,0,0,0,0,0,0,0,0
2003,USA,IRL,United States of America,Ireland,ASY,Dispersed in the country / territory,V,U,0,0,0,0,0,0,0,0,0,0,0,0,0,0,0
2003,USA,NLD,United States of America,Netherlands,ASY,Dispersed in the country / territory,V,U,0,0,0,0,0,0,0,0,0,0,0,0,0,0,0
2003,USA,NLD,United States of America,Netherlands,REF,Dispersed in the country / territory,V,U,0,0,0,0,0,0,0,0,0,0,0,0,0,0,5
2003,USA,NZL,United States of America,New Zealand,ASY,Dispersed in the country / territory,V,U,0,0,0,0,0,0,0,0,0,0,0,0,0,0,0
2003,USA,PAN,United States of America,Panama,REF,Dispersed in the country / territory,U,U,0,0,0,0,0,0,0,0,0,0,0,0,0,0,0
2003,USA,SWE,United States of America,Sweden,ASY,Dispersed in the country / territory,V,U,0,0,0,0,0,0,0,0,0,0,0,0,0,0,5
2003,USA,SWE,United States of America,Sweden,REF,Dispersed in the country / territory,V,U,0,0,0,0,0,0,0,0,0,0,0,0,0,0,13
2004,USA,AUS,United States of America,Australia,REF,Dispersed in the country / territory,V,U,0,0,0,0,0,0,0,0,0,0,0,0,0,0,0
2004,USA,CAN,United States of America,Canada,ASY,Dispersed in the country / territory,V,U,0,0,0,0,0,0,0,0,0,0,0,0,0,0,266
2004,USA,CAN,United States of America,Canada,REF,Dispersed in the country / territory,V,U,0,0,0,0,0,0,0,0,0,0,0,0,0,0,232
2004,USA,CYP,United States of America,Cyprus,ASY,Dispersed in the country / territory,U,U,0,0,0,0,0,0,0,0,0,0,0,0,0,0,0
2004,USA,DNK,United States of America,Denmark,REF,Dispersed in the country / territory,V,U,0,0,0,0,0,0,0,0,0,0,0,0,0,0,5
2004,USA,DEU,United States of America,Germany,REF,Dispersed in the country / territory,V,U,0,0,0,0,0,0,0,0,0,0,0,0,0,0,192
2004,USA,MEX,United States of America,Mexico,ASY,Mexico City,U,U,0,0,0,0,0,0,0,0,0,0,0,0,0,0,0
2004,USA,NLD,United States of America,Netherlands,ASY,Dispersed in the country / territory,V,U,0,0,0,0,0,0,0,0,0,0,0,0,0,0,0
2004,USA,NLD,United States of America,Netherlands,REF,Dispersed in the country / territory,V,U,0,0,0,0,0,0,0,0,0,0,0,0,0,0,5
2004,USA,PAN,United States of America,Panama,REF,Dispersed in the country / territory,U,U,0,0,0,0,0,0,0,0,0,0,0,0,0,0,0
2004,USA,SWE,United States of America,Sweden,ASY,Dispersed in the country / territory,V,U,0,0,0,0,0,0,0,0,0,0,0,0,0,0,5
2004,USA,SWE,United States of America,Sweden,REF,Dispersed in the country / territory,V,U,0,0,0,0,0,0,0,0,0,0,0,0,0,0,17
2005,USA,AUS,United States of America,Australia,ASY,Dispersed in the country / territory,V,U,0,0,0,0,0,0,0,0,0,0,0,0,0,0,0
2005,USA,AUS,United States of America,Australia,REF,Dispersed in the country / territory,V,U,0,0,0,0,0,0,0,0,0,0,0,0,0,0,0
2005,USA,AUT,United States of America,Austria,REF,Dispersed in the country / territory,V,U,0,0,0,0,0,0,0,0,0,0,0,0,0,0,0
2005,USA,BRA,United States of America,Brazil,REF,Dispersed in the country / territory,V,U,0,0,0,0,0,0,0,0,0,0,0,0,0,0,0
2005,USA,CAN,United States of America,Canada,ASY,Dispersed in the country / territory,U,U,68,0,0,25,0,30,123,69,0,0,26,0,26,121,244
2005,USA,CAN,United States of America,Canada,REF,Dispersed in the country / territory,V,U,0,0,0,0,0,0,0,0,0,0,0,0,0,0,567
2005,USA,CYP,United States of America,Cyprus,ASY,Dispersed in the country / territory,U,U,0,0,0,0,0,0,0,0,0,0,0,0,0,0,0
2005,USA,DNK,United States of America,Denmark,REF,Dispersed in the country / territory,V,U,0,0,0,0,0,0,0,0,0,0,0,0,0,0,0
2005,USA,DEU,United States of America,Germany,ASY,Dispersed in the country / territory,V,U,0,0,0,0,0,0,0,0,0,0,0,0,0,0,5
2005,USA,DEU,United States of America,Germany,REF,Dispersed in the country / territory,V,U,0,0,0,0,0,0,0,0,0,0,0,0,0,0,87
2005,USA,ISL,United States of America,Iceland,ASY,Dispersed in the country / territory,V,U,0,0,0,0,0,0,0,0,0,0,0,0,0,0,0
2005,USA,NLD,United States of America,Netherlands,REF,Dispersed in the country / territory,V,U,0,0,0,0,0,0,0,0,0,0,0,0,0,0,5
2005,USA,PAN,United States of America,Panama,REF,Dispersed in the country / territory,U,U,0,0,0,0,0,0,0,0,0,0,0,0,0,0,0
2005,USA,SWE,United States of America,Sweden,ASY,Dispersed in the country / territory,V,U,0,0,0,0,0,0,0,0,0,0,0,0,0,0,11
2005,USA,SWE,United States of America,Sweden,REF,Dispersed in the country / territory,V,U,0,0,0,0,0,0,0,0,0,0,0,0,0,0,17
2005,USA,CHE,United States of America,Switzerland,REF,Dispersed in the country / territory,U,U,0,0,0,0,0,0,0,0,0,0,0,0,0,0,0
2005,USA,VEN,United States of America,Venezuela (Bolivarian Republic of),ASY,Tachira,U,U,0,0,0,0,0,0,0,0,0,0,0,0,0,0,0
2006,USA,AUS,United States of America,Australia,REF,Dispersed in the country / territory,V,U,0,0,0,0,0,0,0,0,0,0,0,0,0,0,5
2006,USA,AUT,United States of America,Austria,ASY,Dispersed in the country / territory,V,U,0,0,0,0,0,0,0,0,0,0,0,0,0,0,0
2006,USA,AUT,United States of America,Austria,REF,Dispersed in the country / territory,V,U,0,0,0,0,0,0,0,0,0,0,0,0,0,0,0
2006,USA,BRA,United States of America,Brazil,REF,Dispersed in the country / territory,U,U,0,0,0,0,0,0,0,0,0,0,0,0,0,0,0
2006,USA,CAN,United States of America,Canada,ASY,Dispersed in the country / territory,U,U,0,0,0,0,0,166,166,0,0,0,0,0,207,207,373
2006,USA,CAN,United States of America,Canada,ASY,Dispersed in the country / territory,V,U,0,0,0,0,0,0,0,0,0,0,0,0,0,0,5
2006,USA,CAN,United States of America,Canada,REF,Dispersed in the country / territory,V,U,0,0,0,0,0,0,0,0,0,0,0,0,0,0,976
2006,USA,CYP,United States of America,Cyprus,ASY,Dispersed in the country / territory,U,U,0,0,0,0,0,0,0,0,0,0,0,0,0,0,0
2006,USA,DNK,United States of America,Denmark,REF,Dispersed in the country / territory,V,U,0,0,0,0,0,0,0,0,0,0,0,0,0,0,0
2006,USA,FIN,United States of America,Finland,ASY,Dispersed in the country / territory,V,U,0,0,0,0,0,0,0,0,0,0,0,0,0,0,5
2006,USA,DEU,United States of America,Germany,REF,Dispersed in the country / territory,V,U,0,0,0,0,0,0,0,0,0,0,0,0,0,0,349
2006,USA,HKG,United States of America,"China, Hong Kong Special Administrative Region",ASY,Hong Kong,U,U,0,0,0,0,0,0,0,0,0,0,0,0,0,0,0
2006,USA,ISL,United States of America,Iceland,ASY,Dispersed in the country / territory,V,U,0,0,0,0,0,0,0,0,0,0,0,0,0,0,0
2006,USA,JOR,United States of America,Jordan,ASY,Amman,U,U,0,0,0,0,0,0,0,0,0,0,0,0,0,0,0
2006,USA,NLD,United States of America,Netherlands,REF,Dispersed in the country / territory,V,U,0,0,0,0,0,0,0,0,0,0,0,0,0,0,5
2006,USA,PAN,United States of America,Panama,REF,Panama City,U,U,0,0,0,0,0,0,0,0,0,0,0,0,0,0,0
2006,USA,PHL,United States of America,Philippines,ASY,Metro Manila,U,U,0,0,0,0,0,0,0,0,0,0,0,0,0,0,0
2006,USA,SWE,United States of America,Sweden,ASY,Dispersed in the country / territory,V,U,0,0,0,0,0,0,0,0,0,0,0,0,0,0,7
2006,USA,SWE,United States of America,Sweden,REF,Dispersed in the country / territory,V,U,0,0,0,0,0,0,0,0,0,0,0,0,0,0,18
2006,USA,CHE,United States of America,Switzerland,ASY,Dispersed in the country / territory,V,U,0,0,0,0,0,0,0,0,0,0,0,0,0,0,0
2006,USA,CHE,United States of America,Switzerland,REF,Dispersed in the country / territory,U,U,0,0,0,0,0,0,0,0,0,0,0,0,0,0,0
2007,USA,AUS,United States of America,Australia,ASY,Dispersed in the country / territory,V,U,0,0,0,0,0,0,0,0,0,0,0,0,0,0,0
2007,USA,AUS,United States of America,Australia,REF,Dispersed in the country / territory,V,U,0,0,0,0,0,0,0,0,0,0,0,0,0,0,5
2007,USA,AUT,United States of America,Austria,ASY,Dispersed in the country / territory,V,U,0,0,0,0,0,0,0,0,0,0,0,0,0,0,0
2007,USA,AUT,United States of America,Austria,REF,Dispersed in the country / territory,V,U,0,0,0,0,0,0,0,0,0,0,0,0,0,0,0
2007,USA,BRA,United States of America,Brazil,REF,Dispersed in the country / territory,U,U,0,0,0,0,0,0,0,0,0,0,0,0,0,0,0
2007,USA,CAN,United States of America,Canada,ASY,Dispersed in the country / territory,U,U,293,0,0,34,0,213,540,293,0,0,61,0,196,550,1090
2007,USA,CAN,United States of America,Canada,REF,Dispersed in the country / territory,V,U,0,0,0,0,0,0,0,0,0,0,0,0,0,0,1537
2007,USA,CRI,United States of America,Costa Rica,REF,Dispersed in the country / territory,U,U,0,0,0,0,0,0,0,0,0,0,0,0,0,0,0
2007,USA,DNK,United States of America,Denmark,REF,Dispersed in the country / territory,V,U,0,0,0,0,0,0,0,0,0,0,0,0,0,0,0
2007,USA,ECU,United States of America,Ecuador,ASY,Dispersed in the country / territory,V,U,0,0,0,0,0,0,0,0,0,0,0,0,0,0,0
2007,USA,ECU,United States of America,Ecuador,REF,Dispersed in the country / territory,V,U,0,0,0,0,0,0,0,0,0,0,0,0,0,0,0
2007,USA,DEU,United States of America,Germany,ASY,Dispersed in the country / territory,V,U,0,0,0,0,0,0,0,0,0,0,0,0,0,0,5
2007,USA,DEU,United States of America,Germany,REF,Dispersed in the country / territory,V,U,0,0,0,0,0,0,0,0,0,0,0,0,0,0,604
2007,USA,IRL,United States of America,Ireland,ASY,Dispersed in the country / territory,V,U,0,0,0,0,0,0,0,0,0,0,0,0,0,0,0
2007,USA,ISR,United States of America,Israel,ASY,Dispersed in the country / territory,V,U,0,0,0,0,0,0,0,0,0,0,0,0,0,0,0
2007,USA,JOR,United States of America,Jordan,ASY,Dispersed in the country / territory,U,U,0,0,0,0,0,0,0,0,0,0,0,0,0,0,0
2007,USA,JOR,United States of America,Jordan,ASY,Dispersed in the country / territory,V,U,0,0,0,0,0,0,0,0,0,0,0,0,0,0,0
2007,USA,JOR,United States of America,Jordan,REF,Dispersed in the country / territory,U,U,0,0,0,0,0,0,0,0,0,0,0,0,0,0,0
2007,USA,MEX,United States of America,Mexico,ASY,Mexico City,U,U,0,0,0,0,0,0,0,0,0,0,0,0,0,0,0
2007,USA,NLD,United States of America,Netherlands,REF,Dispersed in the country / territory,V,U,0,0,0,0,0,0,0,0,0,0,0,0,0,0,0
2007,USA,NOR,United States of America,Norway,ASY,Dispersed in the country / territory,V,U,0,0,0,0,0,0,0,0,0,0,0,0,0,0,0
2007,USA,NZL,United States of America,New Zealand,ASY,Dispersed in the country / territory,V,U,0,0,0,0,0,0,0,0,0,0,0,0,0,0,0
2007,USA,PAN,United States of America,Panama,REF,Panama City,U,U,0,0,0,0,0,0,0,0,0,0,0,0,0,0,0
2007,USA,SWE,United States of America,Sweden,ASY,Dispersed in the country / territory,V,U,0,0,0,0,0,0,0,0,0,0,0,0,0,0,6
2007,USA,SWE,United States of America,Sweden,REF,Dispersed in the country / territory,V,U,0,0,0,0,0,0,0,0,0,0,0,0,0,0,18
2007,USA,CHE,United States of America,Switzerland,REF,Dispersed in the country / territory,U,U,0,0,0,0,0,0,0,0,0,0,0,0,0,0,0
2007,USA,VEN,United States of America,Venezuela (Bolivarian Republic of),ASY,Caracas,U,U,0,0,0,0,0,0,0,0,0,0,0,0,0,0,0
2008,USA,ARG,United States of America,Argentina,REF,Dispersed in the country / territory,V,U,0,0,0,0,0,0,0,0,0,0,0,0,0,0,5
2008,USA,AUS,United States of America,Australia,REF,Dispersed in the country / territory,V,U,0,0,0,0,0,0,0,0,0,0,0,0,0,0,8
2008,USA,AUT,United States of America,Austria,ASY,Dispersed in the country / territory,V,U,0,0,0,0,0,0,0,0,0,0,0,0,0,0,0
2008,USA,AUT,United States of America,Austria,REF,Dispersed in the country / territory,V,U,0,0,0,0,0,0,0,0,0,0,0,0,0,0,0
2008,USA,BOL,United States of America,Bolivia (Plurinational State of),ASY,La Paz,U,U,0,0,0,0,0,0,0,0,0,0,0,0,0,0,0
2008,USA,BRA,United States of America,Brazil,REF,Dispersed in the country / territory,U,U,0,0,0,0,0,0,0,0,0,0,0,0,0,0,0
2008,USA,CAN,United States of America,Canada,ASY,Dispersed in the country / territory,U,U,442,0,0,53,0,325,820,471,0,0,47,0,329,847,1667
2008,USA,CAN,United States of America,Canada,ASY,Dispersed in the country / territory,V,U,0,0,0,0,0,0,0,0,0,0,0,0,0,0,68
2008,USA,CAN,United States of America,Canada,REF,Dispersed in the country / territory,V,U,0,0,0,0,0,0,0,0,0,0,0,0,0,0,1746
2008,USA,CRI,United States of America,Costa Rica,ASY,Dispersed in the country / territory,U,U,0,0,0,0,0,0,0,0,0,0,0,0,0,0,0
2008,USA,CRI,United States of America,Costa Rica,REF,Dispersed in the country / territory,U,U,0,0,0,0,0,0,0,0,0,0,0,0,0,0,0
2008,USA,DNK,United States of America,Denmark,REF,Dispersed in the country / territory,V,U,0,0,0,0,0,0,0,0,0,0,0,0,0,0,0
2008,USA,ECU,United States of America,Ecuador,ASY,Dispersed in the country / territory,V,U,0,0,0,0,0,0,0,0,0,0,5,0,0,5,5
2008,USA,ECU,United States of America,Ecuador,REF,Dispersed in the country / territory,V,U,0,0,0,0,0,0,0,0,0,0,0,0,0,0,0
2008,USA,GBR,United States of America,United Kingdom of Great Britain and Northern Ireland,REF,Dispersed in the country / territory,V,U,0,0,0,0,0,0,0,0,0,0,0,0,0,0,0
2008,USA,DEU,United States of America,Germany,ASY,Dispersed in the country / territory,V,U,0,0,0,0,0,0,0,0,0,0,0,0,0,0,5
2008,USA,DEU,United States of America,Germany,REF,Dispersed in the country / territory,V,U,0,0,0,0,0,0,0,0,0,0,0,0,0,0,344
2008,USA,IRL,United States of America,Ireland,ASY,Dispersed in the country / territory,V,U,0,0,0,0,0,0,0,0,0,0,0,0,0,0,0
2008,USA,ISR,United States of America,Israel,ASY,Tel Aviv,U,U,0,0,0,0,0,0,0,0,0,0,0,0,0,0,0
2008,USA,LBN,United States of America,Lebanon,REF,Dispersed in the country / territory,U,U,0,0,0,0,0,0,0,0,0,0,0,0,0,0,0
2008,USA,NLD,United States of America,Netherlands,REF,Dispersed in the country / territory,V,U,0,0,0,0,0,0,0,0,0,0,0,0,0,0,0
2008,USA,NOR,United States of America,Norway,REF,Dispersed in the country / territory,V,U,0,0,0,0,0,0,0,0,0,0,0,0,0,0,0
2008,USA,PAN,United States of America,Panama,REF,Panama City,U,U,0,0,0,0,0,0,0,0,0,0,0,0,0,0,0
2008,USA,PER,United States of America,Peru,ASY,Dispersed in the country / territory,U,U,0,0,0,0,0,0,0,0,0,0,0,0,0,0,0
2008,USA,RUS,United States of America,Russian Federation,REF,Dispersed in the country / territory,V,U,0,0,0,0,0,0,0,0,0,0,0,0,0,0,5
2008,USA,SWE,United States of America,Sweden,ASY,Dispersed in the country / territory,V,U,0,0,0,0,0,0,0,0,0,0,0,0,0,0,0
2008,USA,SWE,United States of America,Sweden,REF,Dispersed in the country / territory,V,U,0,0,0,0,0,0,0,0,0,0,0,0,0,0,18
2008,USA,CHE,United States of America,Switzerland,ASY,Dispersed in the country / territory,U,U,0,0,0,0,0,0,0,0,0,0,0,0,0,0,0
2008,USA,CHE,United States of America,Switzerland,REF,Dispersed in the country / territory,U,U,0,0,0,0,0,0,0,0,0,0,0,0,0,0,0
2008,USA,VEN,United States of America,Venezuela (Bolivarian Republic of),ASY,Caracas,U,U,0,0,0,0,0,0,0,0,0,0,0,0,0,0,0
2009,USA,ARG,United States of America,Argentina,ASY,Dispersed in the country / territory,V,U,0,0,0,0,0,0,0,0,0,0,0,0,0,0,0
2009,USA,ARG,United States of America,Argentina,REF,Dispersed in the country / territory,V,U,0,0,0,0,0,0,0,0,0,0,0,0,0,0,5
2009,USA,AUS,United States of America,Australia,ASY,Dispersed in the country / territory,V,U,0,0,0,0,0,0,0,0,0,0,0,0,0,0,0
2009,USA,AUS,United States of America,Australia,REF,Dispersed in the country / territory,V,U,0,0,0,0,0,0,0,0,0,0,0,0,0,0,8
2009,USA,AUT,United States of America,Austria,ASY,Dispersed in the country / territory,V,U,0,0,0,0,0,0,0,0,0,0,0,0,0,0,0
2009,USA,AUT,United States of America,Austria,REF,Dispersed in the country / territory,V,U,0,0,0,0,0,0,0,0,0,0,0,0,0,0,0
2009,USA,BOL,United States of America,Bolivia (Plurinational State of),ASY,La Paz,U,U,0,0,0,0,0,0,0,0,0,0,0,0,0,0,0
2009,USA,BRA,United States of America,Brazil,REF,Dispersed in the country / territory,U,U,0,0,0,0,0,0,0,0,0,0,0,0,0,0,0
2009,USA,CAN,United States of America,Canada,ASY,Canada,U,U,362,0,0,55,0,272,689,374,0,0,44,0,312,730,1419
2009,USA,CAN,United States of America,Canada,REF,Dispersed in the country / territory,V,U,0,0,0,0,0,0,0,0,0,0,0,0,0,0,2019
2009,USA,CHN,United States of America,China,ASY,Shanghai,U,U,0,0,0,0,0,0,0,0,0,0,0,0,0,0,0
2009,USA,CRI,United States of America,Costa Rica,ASY,Dispersed in the country / territory,U,U,0,0,7,0,0,0,7,0,0,0,0,0,0,0,7
2009,USA,CRI,United States of America,Costa Rica,REF,Dispersed in the country / territory,U,U,0,0,0,0,0,0,0,0,0,0,0,0,0,0,0
2009,USA,DNK,United States of America,Denmark,REF,Dispersed in the country / territory,V,U,0,0,0,0,0,0,0,0,0,0,0,0,0,0,0
2009,USA,ECU,United States of America,Ecuador,ASY,Dispersed in the country / territory,V,U,0,0,0,0,0,0,0,0,0,0,7,0,0,7,7
2009,USA,ECU,United States of America,Ecuador,REF,Dispersed in the country / territory,V,U,0,0,0,0,0,0,0,0,0,5,0,0,0,5,5
2009,USA,FIN,United States of America,Finland,ASY,Dispersed in the country / territory,V,U,0,0,0,0,0,0,0,0,0,0,0,0,0,0,0
2009,USA,GBR,United States of America,United Kingdom of Great Britain and Northern Ireland,REF,Dispersed in the country / territory,V,U,0,0,0,0,0,0,0,0,0,0,0,0,0,0,5
2009,USA,DEU,United States of America,Germany,ASY,Dispersed in the country / territory,V,U,0,0,5,0,0,0,5,0,0,0,0,0,0,0,5
2009,USA,DEU,United States of America,Germany,REF,Dispersed in the country / territory,V,U,23,0,0,34,18,74,149,37,0,0,32,7,73,149,298
2009,USA,GTM,United States of America,Guatemala,ASY,Guatemala City,V,U,0,0,0,0,0,0,0,0,0,0,0,0,0,0,0
2009,USA,HKG,United States of America,"China, Hong Kong Special Administrative Region",ASY,"Hong Kong, SAR China",U,U,0,0,0,0,0,0,0,0,0,0,0,0,0,0,0
2009,USA,IRL,United States of America,Ireland,ASY,Dispersed in the country / territory,V,U,0,0,0,0,0,0,0,0,0,0,0,0,0,0,0
2009,USA,LBN,United States of America,Lebanon,REF,Dispersed in the country / territory,U,U,0,0,0,0,0,0,0,0,0,0,0,0,0,0,0
2009,USA,MEX,United States of America,Mexico,ASY,Mexico City,U,U,0,0,0,0,0,0,0,0,0,0,0,0,0,0,0
2009,USA,NLD,United States of America,Netherlands,ASY,Dispersed in the country / territory,V,U,0,0,0,0,0,0,0,0,0,0,0,0,0,0,5
2009,USA,NLD,United States of America,Netherlands,REF,Dispersed in the country / territory,V,U,0,0,0,0,0,0,0,0,0,0,0,0,0,0,0
2009,USA,NOR,United States of America,Norway,REF,Dispersed in the country / territory,V,U,0,0,0,0,0,0,0,0,0,0,0,0,0,0,0
2009,USA,PAN,United States of America,Panama,REF,Panama,U,U,0,0,0,0,0,0,0,0,0,0,0,0,0,0,0
2009,USA,POL,United States of America,Poland,ASY,Dispersed in the country / territory,V,U,0,0,0,0,0,0,0,0,0,0,0,0,0,0,0
2009,USA,RUS,United States of America,Russian Federation,REF,Dispersed in the country / territory,V,U,0,0,0,0,0,0,0,0,0,0,0,0,0,0,5
2009,USA,SWE,United States of America,Sweden,ASY,Dispersed in the country / territory,V,U,0,0,0,0,0,0,0,0,0,0,0,0,0,0,0
2009,USA,SWE,United States of America,Sweden,REF,Dispersed in the country / territory,V,U,0,0,0,0,0,0,0,0,0,0,0,0,0,0,17
2009,USA,CHE,United States of America,Switzerland,REF,Dispersed in the country / territory,U,U,0,0,0,0,0,0,0,0,5,0,0,0,0,5,5
2009,USA,VEN,United States of America,Venezuela (Bolivarian Republic of),ASY,Caracas,U,U,0,0,0,0,0,0,0,0,0,0,0,0,0,0,0
2010,USA,ARG,United States of America,Argentina,ASY,Dispersed in the country / territory,V,U,0,0,0,0,0,0,0,0,0,0,0,0,0,0,0
2010,USA,ARG,United States of America,Argentina,REF,Dispersed in the country / territory,V,U,0,0,0,0,0,0,0,0,0,0,0,0,0,0,5
2010,USA,AUS,United States of America,Australia,ASY,Dispersed in the country / territory,V,U,0,0,0,0,0,0,0,0,0,0,0,0,0,0,0
2010,USA,AUS,United States of America,Australia,REF,Dispersed in the country / territory,V,U,0,0,0,0,0,0,0,0,0,0,0,0,0,0,8
2010,USA,AUT,United States of America,Austria,REF,Dispersed in the country / territory,V,U,0,0,0,0,0,0,0,0,0,0,0,0,0,0,0
2010,USA,BRA,United States of America,Brazil,ASY,Dispersed in the country / territory,V,U,0,0,0,0,0,0,0,0,0,0,0,0,0,0,0
2010,USA,BRA,United States of America,Brazil,ASY,Rio De Janeiro : ADMIN_2,U,U,0,0,0,0,0,0,0,0,0,7,0,0,0,7,7
2010,USA,BRA,United States of America,Brazil,ASY,Santa Catarina : ADMIN_1,U,U,0,0,0,0,0,0,0,0,0,0,0,0,0,0,0
2010,USA,BRA,United States of America,Brazil,REF,Dispersed in the country / territory,U,U,0,0,0,0,0,0,0,0,0,0,0,0,0,0,0
2010,USA,CAN,United States of America,Canada,ASY,Dispersed in the country / territory,U,U,177,0,0,39,0,167,383,207,0,0,41,0,187,435,818
2010,USA,CAN,United States of America,Canada,REF,Dispersed in the country / territory,V,U,0,0,0,0,0,0,0,0,0,0,0,0,0,0,2637
2010,USA,CHN,United States of America,China,ASY,Yiwu : Point,U,U,0,0,0,0,0,0,0,0,0,0,0,0,0,0,0
2010,USA,COL,United States of America,Colombia,ASY,Bogota : Point,U,U,0,0,0,0,0,0,0,0,0,0,0,0,0,0,0
2010,USA,CRI,United States of America,Costa Rica,ASY,Costa Rica: dispersed in the country,U,U,0,0,0,0,0,0,0,0,0,0,5,0,0,5,5
2010,USA,CRI,United States of America,Costa Rica,REF,Costa Rica: dispersed in the country,U,U,0,0,0,0,0,0,0,0,0,0,0,0,0,0,0
2010,USA,DNK,United States of America,Denmark,REF,Dispersed in the country / territory,V,U,0,0,0,0,0,0,0,0,0,0,0,0,0,0,0
2010,USA,ECU,United States of America,Ecuador,ASY,Dispersed in the country / territory,V,U,0,0,0,0,0,0,0,0,0,0,7,0,0,7,14
2010,USA,ECU,United States of America,Ecuador,REF,Dispersed in the country / territory,V,U,0,0,0,0,0,0,0,0,0,5,0,0,0,5,5
2010,USA,GBR,United States of America,United Kingdom of Great Britain and Northern Ireland,REF,Dispersed in the country / territory,V,U,0,0,0,0,0,0,0,0,0,0,0,0,0,0,5
2010,USA,DEU,United States of America,Germany,ASY,Dispersed in the country / territory,V,U,0,0,0,0,0,0,0,0,0,0,0,0,0,0,0
2010,USA,DEU,United States of America,Germany,REF,Dispersed in the country / territory,V,U,23,0,0,50,21,82,176,29,0,0,44,11,83,167,343
2010,USA,GTM,United States of America,Guatemala,ASY,Guatemala : Municipio,U,U,0,0,0,0,0,0,0,0,0,0,0,0,0,0,0
2010,USA,HKG,United States of America,"China, Hong Kong Special Administrative Region",ASY,"Hong Kong, SAR China",U,U,0,0,0,0,0,0,0,0,0,0,0,0,0,0,0
2010,USA,HUN,United States of America,Hungary,REF,Budapest : Megye - County,U,U,0,0,0,0,0,0,0,0,0,0,0,0,0,0,0
2010,USA,IRL,United States of America,Ireland,ASY,Dispersed in the country / territory,V,U,0,0,0,0,0,0,0,0,0,0,0,0,0,0,0
2010,USA,JPN,United States of America,Japan,ASY,Dispersed in the country / territory,V,U,0,0,0,0,0,0,0,0,0,0,0,0,0,0,0
2010,USA,LBN,United States of America,Lebanon,REF,Mount Lebanon,U,U,0,0,0,0,0,0,0,0,0,0,0,0,0,0,0
2010,USA,MEX,United States of America,Mexico,ASY,Mexico City : Point,U,U,0,0,0,0,0,0,0,0,0,0,5,0,0,5,5
2010,USA,NLD,United States of America,Netherlands,ASY,Dispersed in the country / territory,U,U,0,0,0,0,0,6,6,0,0,0,0,0,0,0,6
2010,USA,NLD,United States of America,Netherlands,REF,Dispersed in the country / territory,V,U,0,0,0,0,0,0,0,0,0,0,0,0,0,0,0
2010,USA,NOR,United States of America,Norway,ASY,Dispersed in the country / territory,V,U,0,0,0,0,0,0,0,0,0,0,0,0,0,0,0
2010,USA,NOR,United States of America,Norway,REF,Dispersed in the country / territory,V,U,0,0,0,0,0,0,0,0,0,0,0,0,0,0,0
2010,USA,PAN,United States of America,Panama,REF,Panama : Distrito,U,U,0,0,0,0,0,0,0,0,0,0,0,0,0,0,0
2010,USA,POL,United States of America,Poland,ASY,Dispersed in the country / territory,V,U,0,0,0,0,0,0,0,0,0,0,0,0,0,0,0
2010,USA,RUS,United States of America,Russian Federation,ASY,Dispersed in the country / territory,V,U,0,0,0,0,0,0,0,0,0,0,0,0,0,0,0
2010,USA,RUS,United States of America,Russian Federation,REF,Dispersed in the country / territory,V,U,0,0,0,0,0,0,0,0,0,0,0,0,0,0,5
2010,USA,ESP,United States of America,Spain,ASY,Dispersed in the country / territory,U,U,0,0,0,0,0,6,6,0,0,0,0,0,0,0,6
2010,USA,SWE,United States of America,Sweden,ASY,Dispersed in the country / territory,V,U,0,0,0,0,0,0,0,0,0,0,0,0,0,0,0
2010,USA,SWE,United States of America,Sweden,REF,Dispersed in the country / territory,V,U,0,0,0,0,0,0,0,0,0,0,0,0,0,0,11
2010,USA,CHE,United States of America,Switzerland,ASY,Dispersed in the country / territory,U,U,0,0,0,0,0,0,0,0,0,0,0,0,0,0,0
2010,USA,CHE,United States of America,Switzerland,REF,Dispersed in the country / territory,U,U,0,0,0,0,0,0,0,0,0,0,0,0,0,0,0
2010,USA,UGA,United States of America,Uganda,ASY,Kampala : District,U,U,0,0,0,5,0,0,5,0,0,0,0,0,0,0,5
2010,USA,VEN,United States of America,Venezuela (Bolivarian Republic of),ASY,Caracas : Point,U,U,0,0,0,0,0,0,0,0,0,0,0,0,0,0,0
2011,USA,ARG,United States of America,Argentina,REF,Dispersed in the country / territory,U,U,0,0,0,0,0,0,0,0,0,0,0,0,0,0,0
2011,USA,ARG,United States of America,Argentina,REF,Dispersed in the country / territory,V,U,0,0,0,0,0,0,0,0,0,0,0,0,0,0,5
2011,USA,AUS,United States of America,Australia,ASY,Dispersed in the country / territory,V,U,0,0,0,0,0,0,0,0,0,0,0,0,0,0,7
2011,USA,AUS,United States of America,Australia,REF,Dispersed in the country / territory,V,U,0,0,0,0,0,0,0,0,0,0,0,0,0,0,8
2011,USA,AUT,United States of America,Austria,REF,Dispersed in the country / territory,V,U,0,0,0,0,0,0,0,0,0,0,0,0,0,0,0
2011,USA,BEL,United States of America,Belgium,ASY,Dispersed in the country / territory,U,U,0,0,0,0,0,0,0,0,0,0,0,0,0,0,5
2011,USA,BRA,United States of America,Brazil,ASY,Dispersed in the country / territory,U,U,0,0,0,0,0,0,0,0,0,0,0,0,0,0,0
2011,USA,BRA,United States of America,Brazil,REF,Dispersed in the country / territory,U,U,0,0,0,0,0,0,0,0,0,0,0,0,0,0,0
2011,USA,CAN,United States of America,Canada,ASY,Dispersed in the country / territory,U,U,113,0,0,30,0,131,274,118,0,0,35,0,114,267,541
2011,USA,CAN,United States of America,Canada,REF,Dispersed in the country / territory,U,U,81,0,5,17,0,281,384,100,0,0,14,0,297,411,795
2011,USA,CAN,United States of America,Canada,REF,Dispersed in the country / territory,V,U,0,0,0,0,0,0,0,0,0,0,0,0,0,0,2589
2011,USA,COL,United States of America,Colombia,ASY,Bogota : Point,U,U,0,0,0,0,0,0,0,0,0,0,0,0,0,0,0
2011,USA,COL,United States of America,Colombia,ASY,Dispersed in the country / territory,V,U,0,0,0,0,0,0,0,0,0,0,0,0,0,0,0
2011,USA,CRI,United States of America,Costa Rica,REF,Dispersed in the country / territory,U,U,0,0,0,0,0,0,0,0,0,0,0,0,0,0,0
2011,USA,ECU,United States of America,Ecuador,ASY,Dispersed in the country / territory,V,U,0,0,0,0,0,0,0,0,5,0,0,0,0,5,5
2011,USA,ECU,United States of America,Ecuador,REF,Dispersed in the country / territory,V,U,0,0,0,0,0,0,0,0,5,0,0,0,0,5,5
2011,USA,FIN,United States of America,Finland,ASY,Dispersed in the country / territory,V,U,0,0,0,0,0,0,0,0,0,0,0,0,0,0,0
2011,USA,GBR,United States of America,United Kingdom of Great Britain and Northern Ireland,ASY,Dispersed in the country / territory,V,U,0,0,0,0,0,0,0,0,0,0,0,0,0,0,12
2011,USA,GBR,United States of America,United Kingdom of Great Britain and Northern Ireland,REF,Dispersed in the country / territory,V,U,0,0,0,0,0,0,0,0,0,0,0,0,0,0,6
2011,USA,DEU,United States of America,Germany,ASY,Dispersed in the country / territory,V,U,0,0,0,0,0,0,0,0,0,0,5,0,0,5,5
2011,USA,DEU,United States of America,Germany,REF,Dispersed in the country / territory,V,U,29,0,0,45,22,88,184,24,0,0,47,12,79,162,346
2011,USA,GTM,United States of America,Guatemala,ASY,Guatemala : Municipio,U,U,0,0,0,0,0,0,0,0,0,0,0,0,0,0,0
2011,USA,GUY,United States of America,Guyana,ASY,Dispersed in the country / territory,U,U,0,0,0,0,0,0,0,0,0,0,0,0,0,0,0
2011,USA,HUN,United States of America,Hungary,REF,Dispersed in the country / territory,V,U,0,0,0,0,0,0,0,0,0,0,0,0,0,0,0
2011,USA,IRL,United States of America,Ireland,ASY,Dispersed in the country / territory,V,U,0,0,0,0,0,0,0,0,0,0,0,0,0,0,0
2011,USA,JPN,United States of America,Japan,ASY,Dispersed in the country / territory,V,U,0,0,0,0,0,0,0,0,0,0,0,0,0,0,0
2011,USA,LBN,United States of America,Lebanon,REF,Mont Liban : Mohafazat - Governorates,U,U,0,0,0,0,0,0,0,0,0,0,0,0,0,0,0
2011,USA,MEX,United States of America,Mexico,ASY,Dispersed in the country / territory,V,U,0,0,0,0,0,0,0,0,0,0,0,0,0,0,8
2011,USA,NLD,United States of America,Netherlands,ASY,Dispersed in the country / territory,V,U,0,0,0,0,0,0,0,0,0,0,0,0,0,0,0
2011,USA,NLD,United States of America,Netherlands,REF,Dispersed in the country / territory,V,U,0,0,0,0,0,0,0,0,0,0,0,0,0,0,0
2011,USA,NOR,United States of America,Norway,REF,Dispersed in the country / territory,V,U,0,0,0,0,0,0,0,0,0,0,0,0,0,0,5
2011,USA,NZL,United States of America,New Zealand,ASY,Dispersed in the country / territory,V,U,0,0,0,0,0,0,0,0,0,0,0,0,0,0,0
2011,USA,PAN,United States of America,Panama,REF,Panama : Distrito,U,U,0,0,0,0,0,0,0,0,0,0,0,0,0,0,0
2011,USA,ROU,United States of America,Romania,ASY,Dispersed in the country / territory,V,U,0,0,0,0,0,0,0,0,0,0,0,0,0,0,5
2011,USA,RUS,United States of America,Russian Federation,ASY,Dispersed in the country / territory,V,U,0,0,0,0,0,0,0,0,0,0,0,0,0,0,0
2011,USA,RUS,United States of America,Russian Federation,REF,Dispersed in the country / territory,V,U,0,0,0,0,0,0,0,0,0,0,0,0,0,0,5
2011,USA,SWE,United States of America,Sweden,ASY,Dispersed in the country / territory,V,U,0,0,0,0,0,0,0,0,0,0,0,0,0,0,0
2011,USA,SWE,United States of America,Sweden,REF,Dispersed in the country / territory,V,U,0,0,0,0,0,0,0,0,0,0,0,0,0,0,11
2011,USA,CHE,United States of America,Switzerland,ASY,Dispersed in the country / territory,U,U,0,0,0,0,0,0,0,0,0,0,0,0,0,0,0
2011,USA,CHE,United States of America,Switzerland,REF,Dispersed in the country / territory,U,U,0,0,0,0,0,0,0,0,0,0,0,0,0,0,0
2011,USA,UGA,United States of America,Uganda,ASY,Kampala : District,U,U,0,0,0,0,0,0,0,0,0,0,0,0,0,0,0
2011,USA,VEN,United States of America,Venezuela (Bolivarian Republic of),ASY,Caracas : Point,U,U,0,0,0,0,0,0,0,0,5,0,0,0,0,5,5
2012,USA,ARG,United States of America,Argentina,ASY,Dispersed in the country / territory,U,I,0,0,0,0,0,0,0,0,0,0,0,0,0,0,0
2012,USA,ARG,United States of America,Argentina,REF,Dispersed in the country / territory,U,I,0,0,0,0,0,0,0,0,0,0,0,0,0,0,0
2012,USA,ARG,United States of America,Argentina,REF,Dispersed in the country / territory,V,U,0,0,0,0,0,0,0,0,0,0,0,0,0,0,5
2012,USA,AUS,United States of America,Australia,ASY,Dispersed in the country / territory,V,U,0,0,0,0,0,0,0,0,0,0,0,0,0,0,16
2012,USA,AUS,United States of America,Australia,REF,Dispersed in the country / territory,V,U,0,0,0,0,0,0,0,0,0,0,0,0,0,0,9
2012,USA,AUT,United States of America,Austria,REF,Dispersed in the country / territory,V,U,0,0,0,0,0,0,0,0,0,0,0,0,0,0,0
2012,USA,BRA,United States of America,Brazil,ASY,Roraima : Estado - State,U,I,0,0,0,0,0,0,0,0,0,0,0,0,0,0,0
2012,USA,BRA,United States of America,Brazil,REF,Dispersed in the country / territory,U,I,0,0,0,0,0,0,0,0,0,0,0,0,0,0,0
2012,USA,CAN,United States of America,Canada,ASY,Dispersed in the country / territory,U,U,68,60,14,23,0,0,165,82,74,19,23,0,0,198,363
2012,USA,CAN,United States of America,Canada,REF,Dispersed in the country / territory,U,U,0,5,0,0,0,0,5,0,0,0,0,0,0,0,5
2012,USA,CAN,United States of America,Canada,REF,Dispersed in the country / territory,V,U,0,0,0,0,0,0,0,0,0,0,0,0,0,0,4040
2012,USA,CRI,United States of America,Costa Rica,ASY,Dispersed in the country / territory,U,I,0,0,0,0,0,0,0,0,0,0,0,0,0,0,0
2012,USA,CRI,United States of America,Costa Rica,REF,Dispersed in the country / territory,U,I,0,0,0,0,0,0,0,0,0,0,0,0,0,0,0
2012,USA,ECU,United States of America,Ecuador,REF,Dispersed in the country / territory,V,U,0,6,0,0,0,0,6,0,0,0,0,0,0,0,6
2012,USA,GBR,United States of America,United Kingdom of Great Britain and Northern Ireland,ASY,Dispersed in the country / territory,V,U,0,0,0,0,0,0,0,0,0,0,0,0,0,0,16
2012,USA,GBR,United States of America,United Kingdom of Great Britain and Northern Ireland,REF,Dispersed in the country / territory,V,U,0,0,0,0,0,0,0,0,0,0,0,0,0,0,14
2012,USA,DEU,United States of America,Germany,ASY,Dispersed in the country / territory,U,U,0,0,0,0,0,0,0,0,0,0,5,0,0,5,5
2012,USA,DEU,United States of America,Germany,REF,Dispersed in the country / territory,U,I,19,59,42,48,22,0,190,24,45,32,44,15,0,160,350
2012,USA,HUN,United States of America,Hungary,REF,Dispersed in the country / territory,V,U,0,0,0,0,0,0,0,0,0,0,0,0,0,0,0
2012,USA,IRL,United States of America,Ireland,ASY,Dispersed in the country / territory,V,U,0,0,0,0,0,0,0,0,0,0,0,0,0,0,0
2012,USA,ITA,United States of America,Italy,ASY,Dispersed in the country / territory,V,U,0,0,0,0,0,0,0,0,0,0,0,0,0,0,0
2012,USA,LBN,United States of America,Lebanon,REF,Beqaa : Mohafazat - Governorates,U,I,0,0,0,0,0,0,0,0,0,0,0,0,0,0,0
2012,USA,LBN,United States of America,Lebanon,REF,Mont Liban : Mohafazat - Governorates,U,I,0,0,0,0,5,0,5,0,0,0,0,0,0,0,5
2012,USA,MEX,United States of America,Mexico,ASY,Dispersed in the country / territory,V,U,0,0,0,0,0,0,0,0,0,0,0,0,0,0,5
2012,USA,NLD,United States of America,Netherlands,ASY,Dispersed in the country / territory,V,U,0,0,0,0,0,0,0,0,0,0,0,0,0,0,0
2012,USA,NLD,United States of America,Netherlands,REF,Dispersed in the country / territory,V,U,0,0,0,0,0,0,0,0,0,0,0,0,0,0,0
2012,USA,NOR,United States of America,Norway,REF,Dispersed in the country / territory,V,U,0,0,0,0,0,0,0,0,0,0,0,0,0,0,5
2012,USA,NZL,United States of America,New Zealand,ASY,Dispersed in the country / territory,V,U,0,0,0,0,0,0,0,0,0,0,0,0,0,0,5
2012,USA,PAN,United States of America,Panama,REF,Dispersed in the country / territory,U,I,0,0,0,0,0,0,0,0,0,0,0,0,0,0,0
2012,USA,POL,United States of America,Poland,ASY,Dispersed in the country / territory,V,U,0,0,0,0,0,0,0,0,0,0,0,0,0,0,0
2012,USA,RUS,United States of America,Russian Federation,ASY,Dispersed in the country / territory,V,U,0,0,0,0,0,0,0,0,0,0,0,0,0,0,0
2012,USA,RUS,United States of America,Russian Federation,REF,Dispersed in the country / territory,V,U,0,0,0,0,0,0,0,0,0,0,0,0,0,0,5
2012,USA,SWE,United States of America,Sweden,ASY,Dispersed in the country / territory,V,U,0,0,0,0,0,0,0,0,0,0,0,0,0,0,13
2012,USA,SWE,United States of America,Sweden,REF,Dispersed in the country / territory,V,U,0,0,0,0,0,0,0,0,0,0,0,0,0,0,10
2012,USA,CHE,United States of America,Switzerland,REF,Dispersed in the country / territory,U,U,0,0,0,0,0,0,0,0,0,0,0,0,0,0,0
2012,USA,VEN,United States of America,Venezuela (Bolivarian Republic of),ASY,Caracas : Point,U,I,0,0,0,0,0,0,0,0,0,0,0,0,0,0,0
2013,USA,ARG,United States of America,Argentina,ASY,Dispersed in the country / territory,U,I,0,0,0,0,0,0,0,0,0,0,0,0,0,0,0
2013,USA,ARG,United States of America,Argentina,REF,Dispersed in the country / territory,U,I,0,0,0,0,0,0,0,0,0,5,0,0,0,5,5
2013,USA,AUS,United States of America,Australia,ASY,Dispersed in the country / territory,V,U,0,0,0,0,0,0,0,0,0,0,0,0,0,0,9
2013,USA,AUS,United States of America,Australia,REF,Dispersed in the country / territory,V,U,0,0,0,0,0,0,0,0,0,0,0,0,0,0,8
2013,USA,AUT,United States of America,Austria,REF,Dispersed in the country / territory,V,U,0,0,0,0,0,0,0,0,0,0,0,0,0,0,0
2013,USA,BEL,United States of America,Belgium,ASY,Dispersed in the country / territory,V,U,0,0,0,0,0,0,0,0,0,0,0,0,0,0,0
2013,USA,BEL,United States of America,Belgium,REF,Dispersed in the country / territory,V,U,0,0,0,0,0,0,0,0,0,0,0,0,0,0,5
2013,USA,BRA,United States of America,Brazil,ASY,Roraima : Estado - State,U,I,0,0,0,0,0,0,0,0,0,0,5,0,0,5,5
2013,USA,BRA,United States of America,Brazil,REF,Dispersed in the country / territory,U,I,0,0,0,0,0,0,0,0,0,0,0,0,0,0,0
2013,USA,CAN,United States of America,Canada,ASY,Dispersed in the country / territory,U,U,51,34,11,12,0,0,108,39,29,12,17,0,0,97,205
2013,USA,CAN,United States of America,Canada,REF,Dispersed in the country / territory,U,U,22,118,32,20,0,0,192,22,144,34,16,0,0,216,408
2013,USA,CAN,United States of America,Canada,REF,Dispersed in the country / territory,V,U,0,0,0,0,0,0,0,0,0,0,0,0,0,0,4043
2013,USA,COL,United States of America,Colombia,ASY,Barranquilla,U,I,0,0,0,0,0,0,0,0,0,0,0,0,0,0,0
2013,USA,CRI,United States of America,Costa Rica,ASY,Dispersed in the country / territory,U,I,0,0,0,0,0,0,0,0,0,0,0,0,0,0,0
2013,USA,CRI,United States of America,Costa Rica,ASY,Dispersed in the country / territory,V,U,0,0,0,0,0,0,0,0,0,0,0,0,0,0,5
2013,USA,CRI,United States of America,Costa Rica,REF,Dispersed in the country / territory,U,I,0,0,0,0,0,0,0,0,0,0,0,0,0,0,0
2013,USA,ECU,United States of America,Ecuador,REF,Dispersed in the country / territory,V,U,0,0,6,0,0,0,6,0,0,0,0,0,0,0,6
2013,USA,FRA,United States of America,France,ASY,Dispersed in the country / territory,V,U,0,0,0,0,0,0,0,0,0,0,0,0,0,0,0
2013,USA,GBR,United States of America,United Kingdom of Great Britain and Northern Ireland,ASY,Dispersed in the country / territory,V,U,0,0,0,0,0,0,0,0,0,0,0,0,0,0,16
2013,USA,GBR,United States of America,United Kingdom of Great Britain and Northern Ireland,REF,Dispersed in the country / territory,V,U,0,0,0,0,0,0,0,0,0,0,0,0,0,0,17
2013,USA,DEU,United States of America,Germany,ASY,Dispersed in the country / territory,V,U,0,0,0,5,0,0,5,0,0,0,6,0,0,6,11
2013,USA,DEU,United States of America,Germany,REF,Dispersed in the country / territory,V,I,22,54,31,13,5,0,125,14,39,30,22,8,0,113,238
2013,USA,GRC,United States of America,Greece,ASY,Dispersed in the country / territory,V,U,0,0,0,0,0,0,0,0,0,0,0,0,0,0,5
2013,USA,HKG,United States of America,"China, Hong Kong Special Administrative Region",ASY,Dispersed in the country / territory,U,I,0,0,0,0,0,0,0,0,0,0,0,0,0,0,0
2013,USA,HUN,United States of America,Hungary,REF,Dispersed in the country / territory,V,U,0,0,0,0,0,0,0,0,0,0,0,0,0,0,0
2013,USA,IRL,United States of America,Ireland,ASY,Dispersed in the country / territory,V,U,0,0,0,0,0,0,0,0,0,0,0,0,0,0,0
2013,USA,LBN,United States of America,Lebanon,OOC,Beqaa : Mohafazah - Governorate,U,I,0,0,0,0,0,0,0,0,0,0,0,0,0,0,0
2013,USA,LBN,United States of America,Lebanon,OOC,Mount Lebanon : Mohafazah - Governorate,U,I,0,0,0,0,0,0,0,0,0,8,0,0,0,8,8
2013,USA,MEX,United States of America,Mexico,ASY,Dispersed in the country / territory,V,U,0,0,0,0,0,0,0,0,0,0,0,0,0,0,11
2013,USA,NLD,United States of America,Netherlands,REF,Dispersed in the country / territory,V,U,0,0,0,0,0,0,0,0,0,0,0,0,0,0,0
2013,USA,NOR,United States of America,Norway,REF,Dispersed in the country / territory,V,U,0,0,0,0,0,0,0,0,0,0,0,0,0,0,5
2013,USA,NZL,United States of America,New Zealand,ASY,Dispersed in the country / territory,V,U,0,0,0,0,0,0,0,0,0,0,0,0,0,0,0
2013,USA,PAN,United States of America,Panama,REF,Dispersed in the country / territory,U,I,0,0,0,0,0,0,0,0,0,0,0,0,0,0,0
2013,USA,POL,United States of America,Poland,ASY,Dispersed in the country / territory,V,U,0,0,0,0,0,0,0,0,0,0,0,0,0,0,0
2013,USA,POL,United States of America,Poland,REF,Dispersed in the country / territory,V,U,0,0,0,0,0,0,0,0,0,0,0,0,0,0,0
2013,USA,RUS,United States of America,Russian Federation,ASY,Dispersed in the country / territory,V,U,0,0,0,0,0,0,0,0,0,0,0,0,0,0,0
2013,USA,RUS,United States of America,Russian Federation,REF,Dispersed in the country / territory,V,U,0,0,0,0,0,0,0,0,0,0,0,0,0,0,6
2013,USA,ESP,United States of America,Spain,ASY,Dispersed in the country / territory,V,U,0,0,0,0,0,0,0,0,0,0,0,0,0,0,0
2013,USA,SWE,United States of America,Sweden,ASY,Dispersed in the country / territory,V,U,0,0,0,0,0,0,0,0,0,0,0,0,0,0,18
2013,USA,SWE,United States of America,Sweden,REF,Dispersed in the country / territory,V,U,0,0,0,0,0,0,0,0,0,0,0,0,0,0,14
2013,USA,CHE,United States of America,Switzerland,ASY,Dispersed in the country / territory,U,U,0,0,0,0,0,0,0,0,0,0,0,0,0,0,0
2013,USA,CHE,United States of America,Switzerland,REF,Dispersed in the country / territory,U,U,0,0,0,0,0,0,0,0,0,0,0,0,0,0,0
2013,USA,URY,United States of America,Uruguay,ASY,Montevideo : Department,U,I,0,0,0,0,0,0,0,0,0,0,0,0,0,0,0
2013,USA,VEN,United States of America,Venezuela (Bolivarian Republic of),ASY,Caracas : Point,U,I,0,0,0,0,0,0,0,0,0,0,0,0,0,0,0
2014,USA,ARG,United States of America,Argentina,REF,Dispersed in the country / territory,U,I,0,0,0,0,0,0,0,0,0,5,0,0,0,5,5
2014,USA,AUS,United States of America,Australia,ASY,Dispersed in the country / territory,V,U,0,0,0,0,0,0,0,0,0,0,0,0,0,0,19
2014,USA,AUS,United States of America,Australia,REF,Dispersed in the country / territory,V,U,0,0,0,0,0,0,0,0,0,0,0,0,0,0,13
2014,USA,AUT,United States of America,Austria,REF,Dispersed in the country / territory,V,U,0,0,0,0,0,0,0,0,0,0,0,0,0,0,0
2014,USA,BEL,United States of America,Belgium,ASY,Dispersed in the country / territory,V,U,0,0,0,0,0,0,0,0,0,0,0,0,0,0,0
2014,USA,BEL,United States of America,Belgium,REF,Dispersed in the country / territory,V,U,0,0,0,0,0,0,0,0,0,0,0,0,0,0,5
2014,USA,BRA,United States of America,Brazil,ASY,Distrito Federal : Distrito Federal - Federal district,U,I,0,0,0,0,0,0,0,0,0,0,0,0,0,0,0
2014,USA,BRA,United States of America,Brazil,ASY,ParanÃ¡ : Estado - State,U,I,0,0,0,0,0,0,0,0,0,0,0,0,0,0,0
2014,USA,BRA,United States of America,Brazil,ASY,Rio de Janeiro : Estado - State,U,I,0,0,0,0,0,0,0,0,0,0,0,0,0,0,0
2014,USA,BRA,United States of America,Brazil,ASY,Sao Paulo : Estado - State,U,I,0,0,0,0,0,0,0,0,0,0,5,0,0,5,5
2014,USA,BRA,United States of America,Brazil,REF,Sao Paulo : Estado - State,U,I,0,0,0,0,0,0,0,0,0,0,0,0,0,0,0
2014,USA,CAN,United States of America,Canada,ASY,Dispersed in the country / territory,U,U,10,10,0,6,0,0,26,10,12,5,7,0,0,34,60
2014,USA,CAN,United States of America,Canada,ASY,Dispersed in the country / territory,V,U,0,0,0,0,0,0,0,0,0,0,0,0,0,0,0
2014,USA,CAN,United States of America,Canada,REF,Dispersed in the country / territory,V,U,0,0,0,0,0,0,0,0,0,0,0,0,0,0,4687
2014,USA,COL,United States of America,Colombia,ASY,Barranquilla,U,I,0,0,0,0,0,0,0,0,0,0,0,0,0,0,0
2014,USA,CRI,United States of America,Costa Rica,ASY,Dispersed in the country / territory,V,U,0,0,0,0,0,0,0,0,0,0,0,0,0,0,0
2014,USA,CRI,United States of America,Costa Rica,REF,Dispersed in the country / territory,V,U,0,0,0,0,0,0,0,0,0,0,0,0,0,0,0
2014,USA,DNK,United States of America,Denmark,ASY,Dispersed in the country / territory,V,U,0,0,0,0,0,0,0,0,0,0,0,0,0,0,0
2014,USA,ECU,United States of America,Ecuador,REF,Dispersed in the country / territory,V,U,0,0,0,0,0,0,0,0,0,0,0,0,0,0,6
2014,USA,FRA,United States of America,France,ASY,Dispersed in the country / territory,V,U,0,0,0,0,0,0,0,0,0,0,0,0,0,0,5
2014,USA,FRA,United States of America,France,REF,Dispersed in the country / territory,U,U,0,0,0,0,0,0,0,0,0,0,0,0,0,0,0
2014,USA,GBR,United States of America,United Kingdom of Great Britain and Northern Ireland,ASY,Dispersed in the country / territory,V,U,0,0,0,0,0,0,0,0,0,0,0,0,0,0,35
2014,USA,GBR,United States of America,United Kingdom of Great Britain and Northern Ireland,REF,Dispersed in the country / territory,V,U,0,0,0,0,0,0,0,0,0,0,0,0,0,0,22
2014,USA,GEO,United States of America,Georgia,ASY,Martqopâ€™i : Point,R,C,0,0,0,0,0,0,0,0,0,0,0,0,0,0,0
2014,USA,DEU,United States of America,Germany,ASY,Dispersed in the country / territory,V,U,0,0,0,5,0,0,5,0,5,0,7,0,0,12,17
2014,USA,DEU,United States of America,Germany,REF,Dispersed in the country / territory,V,U,16,50,30,13,5,0,114,15,36,22,21,8,0,102,216
2014,USA,GTM,United States of America,Guatemala,ASY,Dispersed in the country / territory,V,U,0,0,0,0,0,0,0,0,0,0,0,0,0,0,0
2014,USA,HKG,United States of America,"China, Hong Kong Special Administrative Region",ASY,Dispersed in the country / territory,U,I,0,0,0,0,0,0,0,0,0,0,0,0,0,0,0
2014,USA,HUN,United States of America,Hungary,REF,Dispersed in the country / territory,V,U,0,0,0,0,0,0,0,0,0,0,0,0,0,0,0
2014,USA,LBN,United States of America,Lebanon,OOC,Mount Lebanon : Mohafazah - Governorate,U,I,0,0,0,6,0,0,6,0,6,5,0,0,0,11,17
2014,USA,LBN,United States of America,Lebanon,OOC,North : Mohafazah - Governorate,U,I,0,0,0,0,0,0,0,0,0,0,0,0,0,0,0
2014,USA,LBN,United States of America,Lebanon,OOC,South : Mohafazah - Governorate,U,I,0,0,0,0,0,0,0,0,0,0,0,0,0,0,0
2014,USA,MEX,United States of America,Mexico,ASY,Dispersed in the country / territory,V,U,0,0,0,0,0,0,0,0,0,0,0,0,0,0,16
2014,USA,MLT,United States of America,Malta,ASY,Dispersed in the country / territory,V,U,0,0,0,0,0,0,0,0,0,0,0,0,0,0,0
2014,USA,NLD,United States of America,Netherlands,ASY,Dispersed in the country / territory,V,U,0,0,0,0,0,0,0,0,0,0,0,0,0,0,5
2014,USA,NLD,United States of America,Netherlands,REF,Dispersed in the country / territory,V,U,0,0,0,0,0,0,0,0,0,0,0,0,0,0,0
2014,USA,NOR,United States of America,Norway,REF,Dispersed in the country / territory,V,U,0,0,0,0,0,0,0,0,0,0,0,0,0,0,5
2014,USA,PAN,United States of America,Panama,REF,Dispersed in the country / territory,U,I,0,0,0,0,0,0,0,0,0,0,0,0,0,0,0
2014,USA,PHL,United States of America,Philippines,ASY,Dispersed in the country / territory,U,I,0,0,0,0,0,0,0,0,0,0,0,0,0,0,0
2014,USA,POL,United States of America,Poland,REF,Dispersed in the country / territory,V,U,0,0,0,0,0,0,0,0,0,0,0,0,0,0,0
2014,USA,PRT,United States of America,Portugal,ASY,Dispersed in the country / territory,V,U,0,0,0,0,0,0,0,0,0,0,0,0,0,0,0
2014,USA,ZAF,United States of America,South Africa,REF,Dispersed in the country / territory,U,I,0,0,0,0,0,0,0,0,0,0,0,0,0,0,0
2014,USA,RUS,United States of America,Russian Federation,ASY,Dispersed in the country / territory,V,U,0,0,0,0,0,0,0,0,0,0,0,0,0,0,0
2014,USA,RUS,United States of America,Russian Federation,REF,Dispersed in the country / territory,V,U,0,0,0,0,0,0,0,0,0,0,0,0,0,0,6
2014,USA,SWE,United States of America,Sweden,ASY,Dispersed in the country / territory,V,U,0,0,0,0,0,0,0,0,0,0,0,0,0,0,9
2014,USA,SWE,United States of America,Sweden,REF,Dispersed in the country / territory,V,U,0,0,0,0,0,0,0,0,0,0,0,0,0,0,15
2014,USA,CHE,United States of America,Switzerland,ASY,Dispersed in the country / territory,U,U,0,0,0,0,0,0,0,0,0,0,0,0,0,0,0
2014,USA,CHE,United States of America,Switzerland,REF,Dispersed in the country / territory,U,U,0,0,0,0,0,0,0,0,0,0,0,0,0,0,0
2014,USA,UKR,United States of America,Ukraine,ASY,Dispersed in the country / territory,U,I,0,0,0,0,0,0,0,0,0,0,0,0,0,0,0
2014,USA,VEN,United States of America,Venezuela (Bolivarian Republic of),ASY,Caracas : Point,U,I,0,0,0,0,0,0,0,0,0,0,0,0,0,0,0
2015,USA,ARG,United States of America,Argentina,ASY,Dispersed in the country / territory,U,I,0,0,0,0,0,0,0,0,0,0,0,0,0,0,0
2015,USA,ARG,United States of America,Argentina,REF,Dispersed in the country / territory,U,I,0,0,0,0,0,0,0,0,0,5,0,0,0,5,5
2015,USA,AUS,United States of America,Australia,ASY,Dispersed in the country / territory,V,U,0,0,0,0,0,0,0,0,0,0,0,0,0,0,23
2015,USA,AUS,United States of America,Australia,REF,Dispersed in the country / territory,V,U,0,0,0,0,0,0,0,0,0,0,0,0,0,0,15
2015,USA,AUT,United States of America,Austria,ASY,Dispersed in the country / territory,V,U,0,0,0,0,0,0,0,0,0,0,0,0,0,0,5
2015,USA,AUT,United States of America,Austria,REF,Dispersed in the country / territory,V,U,0,0,0,0,0,0,0,0,0,0,0,0,0,0,0
2015,USA,BDI,United States of America,Burundi,OOC,Bujumbura: Town,U,I,0,0,0,0,0,0,0,0,0,0,0,0,0,0,0
2015,USA,BEL,United States of America,Belgium,ASY,Dispersed in the country / territory,V,U,0,0,0,0,0,0,0,0,0,0,0,0,0,0,0
2015,USA,BRA,United States of America,Brazil,ASY,Dispersed in the country / territory,U,I,0,0,0,0,0,0,0,0,0,0,9,0,0,9,9
2015,USA,BRA,United States of America,Brazil,REF,Dispersed in the country / territory,U,I,0,0,0,0,0,0,0,0,0,0,0,0,0,0,0
2015,USA,CAN,United States of America,Canada,ASY,Dispersed in the country / territory,U,U,24,7,5,0,5,0,41,21,10,6,7,0,0,44,85
2015,USA,CAN,United States of America,Canada,ASY,Dispersed in the country / territory,V,U,0,0,0,0,0,0,0,0,0,0,0,0,0,0,6
2015,USA,CAN,United States of America,Canada,REF,Dispersed in the country / territory,V,U,0,0,0,0,0,0,0,0,0,0,0,0,0,0,4573
2015,USA,CHL,United States of America,Chile,ASY,Dispersed in the country / territory,V,U,0,0,0,0,0,0,0,0,0,0,0,0,0,0,5
2015,USA,CRI,United States of America,Costa Rica,ASY,Dispersed in the country / territory,U,I,0,0,0,0,0,0,0,0,0,0,0,0,0,0,5
2015,USA,ECU,United States of America,Ecuador,REF,Dispersed in the country / territory,V,U,0,6,0,0,0,0,6,0,0,0,0,0,0,0,6
2015,USA,FIN,United States of America,Finland,ASY,Dispersed in the country / territory,V,U,0,0,0,0,0,0,0,0,0,0,0,0,0,0,0
2015,USA,FRA,United States of America,France,ASY,Dispersed in the country / territory,V,U,0,0,0,0,0,0,0,0,0,0,0,0,0,0,6
2015,USA,FRA,United States of America,France,REF,Dispersed in the country / territory,U,U,0,0,0,0,0,0,0,0,0,0,0,0,0,0,0
2015,USA,GBR,United States of America,United Kingdom of Great Britain and Northern Ireland,ASY,Dispersed in the country / territory,V,U,0,0,0,0,0,0,0,0,0,0,0,0,0,0,37
2015,USA,GBR,United States of America,United Kingdom of Great Britain and Northern Ireland,REF,Dispersed in the country / territory,V,U,0,0,0,0,0,0,0,0,0,0,0,0,0,0,35
2015,USA,GEO,United States of America,Georgia,ASY,Dispersed in the country / territory,U,I,0,0,0,0,0,0,0,0,0,0,0,0,0,0,0
2015,USA,DEU,United States of America,Germany,ASY,Dispersed in the country / territory,V,U,0,8,0,0,0,0,8,0,0,0,9,0,0,9,17
2015,USA,DEU,United States of America,Germany,REF,Dispersed in the country / territory,V,U,7,28,28,15,5,0,83,9,19,17,21,10,0,76,159
2015,USA,GTM,United States of America,Guatemala,ASY,Dispersed in the country / territory,V,U,0,5,0,0,0,0,5,0,0,0,0,0,0,0,5
2015,USA,HKG,United States of America,"China, Hong Kong Special Administrative Region",ASY,Dispersed in the country / territory,U,I,0,0,0,0,0,0,0,0,0,0,0,0,0,0,0
2015,USA,HUN,United States of America,Hungary,REF,Dispersed in the country / territory,V,U,0,0,0,0,0,0,0,0,0,0,0,0,0,0,0
2015,USA,ISL,United States of America,Iceland,ASY,Dispersed in the country / territory,V,U,0,0,0,0,0,0,0,0,0,0,0,0,0,0,0
2015,USA,ITA,United States of America,Italy,ASY,Dispersed in the country / territory,V,U,0,0,0,0,0,0,0,0,0,0,0,0,0,0,5
2015,USA,JPN,United States of America,Japan,ASY,Dispersed in the country / territory,V,U,0,0,0,0,0,0,0,0,0,0,0,0,0,0,5
2015,USA,KOR,United States of America,Republic of Korea,ASY,Inchon: Gwangyeoksi - Metropolitan,U,I,0,0,0,0,0,0,0,0,0,0,0,0,0,0,0
2015,USA,LBN,United States of America,Lebanon,OOC,Mount Lebanon : Mohafazah - Governorate,U,I,0,0,0,5,0,0,5,0,0,5,0,0,0,5,10
2015,USA,LBN,United States of America,Lebanon,OOC,North : Mohafazah - Governorate,U,I,0,0,0,0,0,0,0,0,0,0,0,0,0,0,0
2015,USA,MEX,United States of America,Mexico,ASY,Dispersed in the country / territory,U,I,0,0,0,0,0,0,0,0,0,0,0,0,0,0,11
2015,USA,MEX,United States of America,Mexico,REF,Dispersed in the country / territory,U,I,0,0,0,0,0,0,0,0,0,0,0,0,0,0,0
2015,USA,MAR,United States of America,Morocco,ASY,Dispersed in the country / territory,U,I,0,0,0,0,0,0,0,0,0,0,0,0,0,0,0
2015,USA,MLT,United States of America,Malta,ASY,Dispersed in the country / territory,V,U,0,0,0,0,0,0,0,0,0,0,0,0,0,0,5
2015,USA,NLD,United States of America,Netherlands,ASY,Dispersed in the country / territory,V,U,0,0,0,0,0,0,0,0,0,0,0,0,0,0,5
2015,USA,NLD,United States of America,Netherlands,REF,Dispersed in the country / territory,V,U,0,0,0,0,0,0,0,0,0,0,0,0,0,0,0
2015,USA,NOR,United States of America,Norway,ASY,Dispersed in the country / territory,V,U,0,0,0,0,0,0,0,0,0,0,0,0,0,0,0
2015,USA,NOR,United States of America,Norway,REF,Dispersed in the country / territory,V,U,0,0,0,0,0,0,0,0,0,0,0,0,0,0,5
2015,USA,PAN,United States of America,Panama,ASY,Dispersed in the country / territory,U,I,0,0,0,0,0,0,0,0,0,0,0,0,0,0,0
2015,USA,PAN,United States of America,Panama,REF,Dispersed in the country / territory,U,I,0,0,0,0,0,0,0,0,0,0,0,0,0,0,0
2015,USA,PHL,United States of America,Philippines,ASY,Dispersed in the country / territory,U,I,0,0,0,0,0,0,0,0,0,0,0,0,0,0,0
2015,USA,POL,United States of America,Poland,REF,Dispersed in the country / territory,V,U,0,0,0,0,0,0,0,0,0,0,0,0,0,0,0
2015,USA,RUS,United States of America,Russian Federation,ASY,Dispersed in the country / territory,V,U,0,0,0,0,0,0,0,0,0,0,0,0,0,0,0
2015,USA,RUS,United States of America,Russian Federation,REF,Dispersed in the country / territory,V,U,0,0,0,0,0,0,0,0,0,0,0,0,0,0,5
2015,USA,SOM,United States of America,Somalia,ASY,Hargeisa : District,U,I,0,0,0,0,0,0,0,0,0,0,0,0,0,0,0
2015,USA,ESP,United States of America,Spain,ASY,Dispersed in the country / territory,V,U,0,0,0,0,0,0,0,0,0,0,0,0,0,0,5
2015,USA,SWE,United States of America,Sweden,ASY,Dispersed in the country / territory,V,U,0,0,0,0,0,0,0,0,0,0,0,0,0,0,13
2015,USA,SWE,United States of America,Sweden,REF,Dispersed in the country / territory,V,U,0,0,0,0,0,0,0,0,0,0,0,0,0,0,21
2015,USA,CHE,United States of America,Switzerland,ASY,Dispersed in the country / territory,U,U,0,0,0,0,0,0,0,0,0,0,0,0,0,0,0
2015,USA,CHE,United States of America,Switzerland,REF,Dispersed in the country / territory,U,U,0,0,0,0,0,0,0,0,0,0,0,0,0,0,0
2015,USA,UKR,United States of America,Ukraine,ASY,Dispersed in the country / territory,V,U,0,0,0,0,0,0,0,0,0,0,0,0,0,0,0
2015,USA,VEN,United States of America,Venezuela (Bolivarian Republic of),ASY,Caracas : Point,U,I,0,0,0,0,0,0,0,0,0,0,0,0,0,0,0
2016,USA,DZA,United States of America,Algeria,ASY,Dispersed in the country / territory,U,U,0,0,0,0,0,0,0,0,0,0,0,0,0,0,0
2016,USA,ARG,United States of America,Argentina,ASY,Dispersed in the country / territory,U,I,0,0,0,0,0,0,0,0,0,0,8,0,0,8,8
2016,USA,ARG,United States of America,Argentina,REF,Dispersed in the country / territory,U,I,0,0,0,0,0,0,0,0,0,5,0,0,0,5,5
2016,USA,AUS,United States of America,Australia,ASY,Dispersed in the country / territory,V,U,0,0,0,0,0,0,0,0,0,0,0,0,0,0,17
2016,USA,AUS,United States of America,Australia,REF,Dispersed in the country / territory,V,U,0,0,0,0,0,0,0,0,0,0,0,0,0,0,20
2016,USA,AUT,United States of America,Austria,ASY,Dispersed in the country / territory,U,U,0,0,0,0,0,0,0,0,0,0,0,0,0,0,5
2016,USA,AUT,United States of America,Austria,REF,Dispersed in the country / territory,U,U,0,0,0,0,0,0,0,0,0,0,0,0,0,0,5
2016,USA,BDI,United States of America,Burundi,OOC,Bujumbura: Town,U,I,0,0,0,0,0,0,0,0,0,0,0,0,0,0,0
2016,USA,BRA,United States of America,Brazil,ASY,Dispersed in the country / territory,U,I,0,0,0,0,0,5,5,0,0,0,0,0,9,9,14
2016,USA,BRA,United States of America,Brazil,REF,Dispersed in the country / territory,U,I,0,0,0,0,0,0,0,0,0,0,0,0,0,0,0
2016,USA,CAN,United States of America,Canada,ASY,Canada,V,U,5,0,0,6,0,0,11,0,0,0,7,0,0,7,18
2016,USA,CAN,United States of America,Canada,ASY,Dispersed in the country / territory,V,U,0,0,0,0,0,0,0,0,0,0,0,0,0,0,104
2016,USA,CAN,United States of America,Canada,REF,Canada,V,U,5,8,5,5,0,0,23,5,11,7,5,0,0,28,51
2016,USA,CHL,United States of America,Chile,ASY,Dispersed in the country / territory,V,U,0,0,0,0,0,0,0,0,0,0,0,0,0,0,5
2016,USA,CRI,United States of America,Costa Rica,ASY,Dispersed in the country / territory,U,I,0,0,0,0,0,8,8,0,0,0,0,0,0,0,8
2016,USA,FIN,United States of America,Finland,ASY,Finland,U,R,0,0,0,0,0,0,0,0,0,0,0,0,0,0,0
2016,USA,FIN,United States of America,Finland,REF,Dispersed in the country / territory,U,I,0,0,0,0,0,0,0,0,0,0,0,0,0,0,0
2016,USA,FRA,United States of America,France,ASY,Dispersed in the country / territory,V,U,0,0,0,0,0,0,0,0,0,0,0,0,0,0,0
2016,USA,FRA,United States of America,France,REF,Dispersed in the country / territory,U,U,0,0,0,0,0,0,0,0,0,0,0,0,0,0,0
2016,USA,GBR,United States of America,United Kingdom of Great Britain and Northern Ireland,ASY,Dispersed in the country / territory,U,U,0,0,0,0,0,0,0,0,0,0,0,0,0,0,34
2016,USA,GBR,United States of America,United Kingdom of Great Britain and Northern Ireland,REF,Dispersed in the country / territory,U,U,0,0,0,0,0,0,0,0,0,0,0,0,0,0,41
2016,USA,DEU,United States of America,Germany,ASY,Dispersed in the country / territory,V,U,0,0,5,5,0,0,10,0,5,0,8,0,0,13,23
2016,USA,DEU,United States of America,Germany,REF,Dispersed in the country / territory,V,U,5,18,31,18,6,0,78,5,17,12,23,10,0,67,145
2016,USA,HUN,United States of America,Hungary,REF,Dispersed in the country / territory,V,U,0,0,0,0,0,0,0,0,0,0,0,0,0,0,0
2016,USA,ISL,United States of America,Iceland,ASY,Dispersed in the country / territory,V,U,0,0,0,0,0,0,0,0,0,0,0,0,0,0,0
2016,USA,IRL,United States of America,Ireland,ASY,Dispersed in the country / territory,U,I,0,0,0,0,0,0,0,0,0,0,0,0,0,0,0
2016,USA,ISR,United States of America,Israel,ASY,Dispersed in the country / territory,V,I,0,0,0,0,0,0,0,0,0,0,0,0,0,0,0
2016,USA,ITA,United States of America,Italy,REF,Dispersed in the country / territory,V,U,0,0,0,0,0,0,0,0,0,0,0,0,0,0,5
2016,USA,KOR,United States of America,Republic of Korea,ASY,Seoul : Teukbyeolsi - Capital metropolitan city,U,I,0,0,0,0,0,0,0,0,0,0,0,0,0,0,0
2016,USA,LBN,United States of America,Lebanon,OOC,Mount Lebanon : Mohafazah - Governorate,U,I,0,0,0,0,0,0,0,0,0,7,0,0,0,7,7
2016,USA,LBN,United States of America,Lebanon,OOC,North : Mohafazah - Governorate,U,I,0,0,0,0,0,0,0,0,0,0,0,0,0,0,0
2016,USA,LUX,United States of America,Luxembourg,ASY,Dispersed in the country / territory,V,U,0,0,0,0,0,0,0,0,0,0,0,0,0,0,0
2016,USA,MEX,United States of America,Mexico,ASY,Dispersed in the country / territory,U,I,0,0,0,0,0,0,0,0,0,0,0,0,0,0,14
2016,USA,MEX,United States of America,Mexico,REF,Dispersed in the country / territory,U,I,0,0,0,0,0,0,0,0,0,0,0,0,0,0,0
2016,USA,MYS,United States of America,Malaysia,REF,Kuala Lumpur : Wilayah Persekutuan - Federal territory,U,I,0,0,0,0,0,0,0,0,0,0,0,0,0,0,0
2016,USA,NLD,United States of America,Netherlands,ASY,Dispersed in the country / territory,V,U,0,0,0,0,0,0,0,0,0,0,0,0,0,0,5
2016,USA,NLD,United States of America,Netherlands,REF,Dispersed in the country / territory,V,U,0,0,0,0,0,0,0,0,0,0,0,0,0,0,0
2016,USA,NOR,United States of America,Norway,REF,Dispersed in the country / territory,U,U,0,0,0,0,0,0,0,0,0,0,0,0,0,0,5
2016,USA,PAN,United States of America,Panama,ASY,Dispersed in the country / territory,U,I,0,0,0,0,0,0,0,0,0,0,0,0,0,0,0
2016,USA,PAN,United States of America,Panama,REF,Dispersed in the country / territory,U,I,0,0,0,0,0,0,0,0,0,0,0,0,0,0,0
2016,USA,PHL,United States of America,Philippines,ASY,Dispersed in the country / territory,U,I,0,0,0,0,0,0,0,0,0,0,0,0,0,0,0
2016,USA,PHL,United States of America,Philippines,ASY,Northern Mindanao,V,I,0,0,0,0,0,0,0,0,0,0,5,0,0,5,5
2016,USA,POL,United States of America,Poland,REF,Poland,V,I,0,0,0,0,0,0,0,0,0,0,0,0,0,0,0
2016,USA,RUS,United States of America,Russian Federation,REF,Dispersed in the country / territory,V,U,0,0,0,0,0,0,0,0,0,0,0,0,0,0,5
2016,USA,SOM,United States of America,Somalia,ASY,Woqooyi Galbeed : Gobolka - Region,U,I,0,0,0,0,0,0,0,0,0,0,0,0,0,0,0
2016,USA,SOM,United States of America,Somalia,REF,Bari : Gobolka - Region,U,I,0,0,0,0,0,0,0,0,0,0,0,0,0,0,0
2016,USA,ESP,United States of America,Spain,ASY,Dispersed in the country / territory,U,I,0,0,0,0,0,0,0,0,0,0,0,0,0,0,10
2016,USA,SWE,United States of America,Sweden,ASY,Dispersed in the country / territory,U,U,0,0,0,0,0,0,0,0,0,0,0,0,0,0,12
2016,USA,SWE,United States of America,Sweden,REF,Dispersed in the country / territory,U,U,0,0,0,0,0,0,0,0,0,0,0,0,0,0,20
2016,USA,CHE,United States of America,Switzerland,ASY,Dispersed in the country / territory,U,U,0,0,0,0,0,0,0,0,0,5,0,0,0,5,5
2016,USA,CHE,United States of America,Switzerland,REF,Dispersed in the country / territory,U,U,0,0,0,0,0,0,0,0,0,0,0,0,0,0,0
2016,USA,VEN,United States of America,Venezuela (Bolivarian Republic of),REF,Caracas : Point,U,I,0,0,0,0,0,0,0,0,0,0,0,0,0,0,0
2017,USA,ARG,United States of America,Argentina,ASY,Dispersed in the country / territory,U,I,0,0,0,0,0,0,0,0,0,0,5,0,0,5,11
2017,USA,ARG,United States of America,Argentina,REF,Dispersed in the country / territory,U,I,0,0,0,0,0,0,0,0,0,5,0,0,0,5,5
2017,USA,AUS,United States of America,Australia,ASY,Dispersed in the country / territory,V,U,0,0,0,0,0,0,0,0,0,0,0,0,0,0,34
2017,USA,AUS,United States of America,Australia,REF,Dispersed in the country / territory,V,U,0,0,0,0,0,0,0,0,0,0,0,0,0,0,20
2017,USA,AUT,United States of America,Austria,ASY,Dispersed in the country / territory,U,U,0,0,0,0,0,0,0,0,0,0,0,0,0,0,0
2017,USA,AUT,United States of America,Austria,REF,Dispersed in the country / territory,U,U,0,0,0,0,0,0,0,0,0,0,0,0,0,0,5
2017,USA,BDI,United States of America,Burundi,OOC,Burundi: Dispersed in the Country/ Territory ( Urban Situation),U,I,0,0,0,0,0,0,0,0,0,0,0,0,0,0,0
2017,USA,BEL,United States of America,Belgium,ASY,Dispersed in the country / territory,V,U,0,0,0,0,0,0,0,0,0,0,0,0,0,0,5
2017,USA,BOL,United States of America,Bolivia (Plurinational State of),ASY,Dispersed in the country / territory,V,U,0,0,0,0,0,0,0,0,0,0,0,0,0,0,0
2017,USA,BRA,United States of America,Brazil,ASY,Dispersed in the country / territory,U,I,0,0,0,0,0,0,0,0,0,0,0,0,0,0,32
2017,USA,BRA,United States of America,Brazil,REF,Dispersed in the country / territory,U,I,0,0,0,0,0,0,0,0,0,0,0,0,0,0,0
2017,USA,BLZ,United States of America,Belize,ASY,Dispersed in the country / territory,V,I,0,0,0,0,0,0,0,0,0,0,0,0,0,0,0
2017,USA,CAN,United States of America,Canada,ASY,Dispersed in the country / territory,U,U,0,0,0,0,0,0,0,0,0,0,0,0,0,0,1939
2017,USA,CAN,United States of America,Canada,REF,Dispersed in the country / territory,U,U,0,0,0,0,0,0,0,0,0,0,0,0,0,0,48
2017,USA,CHL,United States of America,Chile,ASY,Dispersed in the country / territory,V,U,0,0,0,0,0,0,0,0,0,0,0,0,0,0,5
2017,USA,CRI,United States of America,Costa Rica,ASY,Dispersed in the country / territory,U,I,0,0,0,0,0,6,6,0,0,0,0,0,10,10,16
2017,USA,DNK,United States of America,Denmark,ASY,Dispersed in the country / territory,V,U,0,0,0,0,0,0,0,0,0,0,0,0,0,0,5
2017,USA,ECU,United States of America,Ecuador,ASY,Dispersed in the country / territory,V,U,0,0,0,0,0,0,0,0,0,0,0,0,0,0,0
2017,USA,ECU,United States of America,Ecuador,REF,Dispersed in the country / territory,V,U,0,0,6,0,0,0,6,0,0,0,0,0,0,0,6
2017,USA,FIN,United States of America,Finland,REF,Dispersed in the country / territory,U,I,0,0,0,0,0,0,0,0,0,0,0,0,0,0,0
2017,USA,FRA,United States of America,France,ASY,Dispersed in the country / territory,U,U,0,0,0,0,0,0,0,0,0,0,0,0,0,0,5
2017,USA,FRA,United States of America,France,REF,Dispersed in the country / territory,U,U,0,0,0,0,0,0,0,0,0,0,0,0,0,0,0
2017,USA,GBR,United States of America,United Kingdom of Great Britain and Northern Ireland,ASY,Dispersed in the country / territory,U,U,0,0,0,0,0,0,0,0,0,0,0,0,0,0,52
2017,USA,GBR,United States of America,United Kingdom of Great Britain and Northern Ireland,REF,Dispersed in the country / territory,U,U,0,0,0,0,0,0,0,0,0,0,0,0,0,0,42
2017,USA,DEU,United States of America,Germany,ASY,Dispersed in the country / territory,V,U,0,0,0,6,0,0,6,0,9,0,7,0,0,16,22
2017,USA,DEU,United States of America,Germany,REF,Dispersed in the country / territory,V,U,5,11,25,25,7,0,73,5,14,16,24,9,0,68,141
2017,USA,GRC,United States of America,Greece,ASY,Dispersed in the country / territory,U,U,0,0,0,0,0,0,0,0,0,0,0,0,0,0,5
2017,USA,HUN,United States of America,Hungary,REF,Dispersed in the country / territory,V,U,0,0,0,0,0,0,0,0,0,0,0,0,0,0,0
2017,USA,IRL,United States of America,Ireland,ASY,Dispersed in the country / territory,U,I,0,0,0,0,0,0,0,0,0,0,8,0,0,8,8
2017,USA,ISR,United States of America,Israel,ASY,Dispersed in the country / territory,V,I,0,0,0,0,0,0,0,0,0,0,0,0,0,0,0
2017,USA,ITA,United States of America,Italy,ASY,Dispersed in the country / territory,U,I,0,0,0,0,0,0,0,0,0,0,0,0,0,0,5
2017,USA,ITA,United States of America,Italy,REF,Dispersed in the country / territory,U,I,0,0,0,0,0,0,0,0,0,0,0,0,0,0,5
2017,USA,KOR,United States of America,Republic of Korea,ASY,Yangju,U,U,0,0,0,0,0,0,0,0,0,0,0,0,0,0,0
2017,USA,LBN,United States of America,Lebanon,OOC,Mount Lebanon : Mohafazah - Governorate,U,I,0,0,0,0,0,0,0,0,0,6,0,0,0,6,6
2017,USA,LBN,United States of America,Lebanon,OOC,North : Mohafazah - Governorate,U,I,0,0,0,0,0,0,0,0,0,0,0,0,0,0,0
2017,USA,MRT,United States of America,Mauritania,ASY,Nouakchott and Nouadhibou : Regional grouping,U,I,0,0,0,0,0,0,0,0,0,0,0,0,0,0,0
2017,USA,MEX,United States of America,Mexico,ASY,Dispersed in the country / territory,U,I,0,0,0,0,0,0,0,0,0,0,0,0,0,0,16
2017,USA,MEX,United States of America,Mexico,REF,Dispersed in the country / territory,U,I,0,0,0,0,0,0,0,0,0,0,0,0,0,0,0
2017,USA,MYS,United States of America,Malaysia,REF,Kuala Lumpur : Wilayah Persekutuan - Federal territory,U,I,8,0,0,0,0,0,8,0,0,0,0,0,0,0,8
2017,USA,NLD,United States of America,Netherlands,REF,Dispersed in the country / territory,V,U,0,0,0,0,0,0,0,0,0,0,0,0,0,0,0
2017,USA,NOR,United States of America,Norway,ASY,Dispersed in the country / territory,U,U,0,0,0,0,0,0,0,0,0,0,0,0,0,0,0
2017,USA,NOR,United States of America,Norway,REF,Dispersed in the country / territory,U,U,0,0,0,0,0,0,0,0,0,0,0,0,0,0,5
2017,USA,NZL,United States of America,New Zealand,ASY,Dispersed in the country / territory,U,U,0,0,0,0,0,0,0,0,0,0,0,0,0,0,0
2017,USA,PAN,United States of America,Panama,ASY,Dispersed in the country / territory,U,I,0,0,0,0,0,0,0,0,0,0,0,0,0,0,0
2017,USA,PAN,United States of America,Panama,REF,Dispersed in the country / territory,U,I,0,0,0,0,0,0,0,0,0,0,0,0,0,0,0
2017,USA,PER,United States of America,Peru,ASY,Dispersed in the country / territory,U,I,0,0,0,0,0,0,0,0,0,0,0,0,0,0,0
2017,USA,PHL,United States of America,Philippines,ASY,Cordillera Administrative Region,V,I,0,0,0,0,0,0,0,0,0,0,0,0,0,0,0
2017,USA,PHL,United States of America,Philippines,ASY,Dispersed in the country / territory,U,I,0,0,0,0,0,0,0,0,0,0,0,0,0,0,0
2017,USA,POL,United States of America,Poland,REF,Poland,V,I,0,0,0,0,0,0,0,0,0,0,0,0,0,0,0
2017,USA,RUS,United States of America,Russian Federation,REF,Dispersed in the country / territory,U,U,0,0,0,0,0,0,0,0,0,0,0,0,0,0,5
2017,USA,SOM,United States of America,Somalia,ASY,Woqooyi Galbeed : Gobolka - Region,U,I,0,0,0,0,0,0,0,0,0,0,0,0,0,0,0
2017,USA,SOM,United States of America,Somalia,REF,Bari : Gobolka - Region,U,I,0,0,0,0,0,0,0,0,0,0,0,0,0,0,0
2017,USA,ESP,United States of America,Spain,ASY,Dispersed in the country / territory,U,I,0,0,0,0,0,0,0,0,0,0,0,0,0,0,26
2017,USA,SVN,United States of America,Slovenia,ASY,Ljubljana : Obcine - Municipality,U,P,0,0,0,0,0,0,0,0,0,0,0,0,0,0,0
2017,USA,SWE,United States of America,Sweden,ASY,Dispersed in the country / territory,V,U,0,0,0,0,0,0,0,0,0,0,0,0,0,0,8
2017,USA,SWE,United States of America,Sweden,REF,Dispersed in the country / territory,V,I,0,0,0,0,0,0,0,0,0,0,0,0,0,0,20
2017,USA,CHE,United States of America,Switzerland,REF,Dispersed in the country / territory,U,U,0,0,0,0,0,0,0,0,0,0,0,0,0,0,0
2017,USA,ARE,United States of America,United Arab Emirates,OOC,Dispersed in the country / territory,V,U,0,0,0,0,0,0,0,0,0,0,0,0,0,0,0
2017,USA,VEN,United States of America,Venezuela (Bolivarian Republic of),REF,Dispersed in the country / territory,V,U,0,0,0,0,0,0,0,0,0,0,0,0,0,0,0
2018,USA,ARG,United States of America,Argentina,ASY,Dispersed in the country / territory,U,I,0,0,0,0,0,0,0,0,0,0,0,0,0,0,0
2018,USA,ARG,United States of America,Argentina,ASY,Dispersed in the country / territory,V,U,0,0,0,0,0,0,0,0,0,0,0,0,0,0,8
2018,USA,ARG,United States of America,Argentina,REF,Dispersed in the country / territory,U,I,0,0,0,0,0,0,0,0,0,0,5,0,0,5,5
2018,USA,AUS,United States of America,Australia,ASY,Dispersed in the country / territory,V,U,0,0,0,0,0,0,0,0,0,0,0,0,0,0,27
2018,USA,AUS,United States of America,Australia,REF,Dispersed in the country / territory,V,U,0,0,0,0,0,0,0,0,0,0,0,0,0,0,16
2018,USA,AUT,United States of America,Austria,ASY,Dispersed in the country / territory,V,U,0,0,0,0,0,0,0,0,0,0,0,0,0,0,0
2018,USA,AUT,United States of America,Austria,REF,Dispersed in the country / territory,V,U,0,0,0,0,0,0,0,0,0,0,0,0,0,0,5
2018,USA,BEL,United States of America,Belgium,ASY,Dispersed in the country / territory,V,U,0,0,0,0,0,0,0,0,0,0,0,0,0,0,10
2018,USA,BOL,United States of America,Bolivia (Plurinational State of),ASY,Dispersed in the country / territory,V,U,0,0,0,0,0,0,0,0,0,0,0,0,0,0,0
2018,USA,BRA,United States of America,Brazil,ASY,Dispersed in the country / territory,V,U,0,0,0,0,0,0,0,0,0,0,0,0,0,0,38
2018,USA,BRA,United States of America,Brazil,REF,Dispersed in the country / territory,V,U,0,0,0,0,0,0,0,0,0,0,0,0,0,0,0
2018,USA,CAN,United States of America,Canada,ASY,Dispersed in the country / territory,V,U,0,0,0,0,0,0,0,0,0,0,0,0,0,0,2507
2018,USA,CAN,United States of America,Canada,REF,Dispersed in the country / territory,U,I,12,11,6,5,0,0,34,11,8,5,5,0,0,29,63
2018,USA,CHL,United States of America,Chile,ASY,Dispersed in the country / territory,V,U,0,0,0,0,0,0,0,0,0,0,0,0,0,0,5
2018,USA,CRI,United States of America,Costa Rica,ASY,Dispersed in the country / territory,V,U,0,0,0,0,0,0,0,0,0,0,0,0,0,0,26
2018,USA,ECU,United States of America,Ecuador,REF,Dispersed in the country / territory,V,U,0,0,0,0,0,0,0,0,0,0,0,0,0,0,7
2018,USA,FIN,United States of America,Finland,ASY,Dispersed in the country / territory,V,U,0,0,0,0,0,0,0,0,0,0,0,0,0,0,0
2018,USA,FIN,United States of America,Finland,REF,Dispersed in the country / territory,V,U,0,0,0,0,0,0,0,0,0,0,0,0,0,0,0
2018,USA,FRA,United States of America,France,REF,Dispersed in the country / territory,U,U,0,0,0,0,0,0,0,0,0,0,0,0,0,0,0
2018,USA,GBR,United States of America,United Kingdom of Great Britain and Northern Ireland,ASY,Dispersed in the country / territory,V,U,0,0,0,0,0,0,0,0,0,0,0,0,0,0,52
2018,USA,GBR,United States of America,United Kingdom of Great Britain and Northern Ireland,REF,Dispersed in the country / territory,V,U,0,0,0,0,0,0,0,0,0,0,0,0,0,0,52
2018,USA,DEU,United States of America,Germany,ASY,Dispersed in the country / territory,V,U,0,6,0,5,0,0,11,0,5,5,5,0,0,15,26
2018,USA,DEU,United States of America,Germany,REF,Dispersed in the country / territory,V,U,5,8,18,24,11,0,66,5,12,20,20,10,0,67,133
2018,USA,GRC,United States of America,Greece,ASY,Dispersed in the country / territory,V,U,0,0,0,0,0,0,0,0,0,0,0,0,0,0,5
2018,USA,GTM,United States of America,Guatemala,ASY,Dispersed in the country / territory,V,U,0,0,0,0,0,0,0,0,0,0,0,0,0,0,0
2018,USA,HRV,United States of America,Croatia,ASY,Zagreb,U,R,0,0,0,0,0,0,0,0,0,0,0,0,0,0,0
2018,USA,HUN,United States of America,Hungary,REF,Dispersed in the country / territory,V,U,0,0,0,0,0,0,0,0,0,0,0,0,0,0,0
2018,USA,ISL,United States of America,Iceland,ASY,Dispersed in the country / territory,V,U,0,0,0,0,0,0,0,0,0,0,0,0,0,0,0
2018,USA,IRL,United States of America,Ireland,ASY,Dispersed in the country / territory,V,U,0,0,0,5,0,0,5,0,0,0,5,0,0,5,10
2018,USA,ISR,United States of America,Israel,ASY,Dispersed in the country / territory,V,U,0,0,0,0,0,0,0,0,0,0,0,0,0,0,0
2018,USA,ITA,United States of America,Italy,ASY,Dispersed in the country / territory,V,U,0,0,0,0,0,0,0,0,0,0,0,0,0,0,5
2018,USA,ITA,United States of America,Italy,REF,Dispersed in the country / territory,V,U,0,0,0,0,0,0,0,0,0,0,0,0,0,0,5
2018,USA,KOR,United States of America,Republic of Korea,ASY,Dispersed in the country / territory,V,U,0,0,0,0,0,0,0,0,0,0,0,0,0,0,5
2018,USA,KOR,United States of America,Republic of Korea,ASY,Suwon : Point,U,U,0,0,0,0,0,0,0,0,0,0,0,0,0,0,0
2018,USA,KOR,United States of America,Republic of Korea,ASY,Yangju : Point,U,U,0,0,0,0,0,0,0,0,0,0,0,0,0,0,0
2018,USA,MRT,United States of America,Mauritania,ASY,Nouakchott and Nouadhibou : Regional grouping,U,I,0,0,0,0,0,0,0,0,0,0,0,0,0,0,0
2018,USA,MDA,United States of America,Republic of Moldova,ASY,Dispersed in the country / territory,V,U,0,0,0,0,0,0,0,0,0,0,0,0,0,0,0
2018,USA,MEX,United States of America,Mexico,ASY,Dispersed in the country / territory,U,I,0,8,0,10,0,0,18,0,5,0,10,0,0,15,33
2018,USA,MEX,United States of America,Mexico,REF,Dispersed in the country / territory,V,U,0,0,0,0,0,0,0,0,0,0,0,0,0,0,7
2018,USA,MYS,United States of America,Malaysia,REF,Kuala Lumpur : Wilayah Persekutuan - Federal territory,U,I,9,0,0,0,0,0,9,0,0,0,0,0,0,0,9
2018,USA,MAR,United States of America,Morocco,ASY,Dispersed in the country / territory,U,I,0,0,0,0,0,0,0,0,0,0,0,0,0,0,0
2018,USA,MLT,United States of America,Malta,ASY,Dispersed in the country / territory,V,U,0,0,0,0,0,0,0,0,0,0,0,0,0,0,0
2018,USA,NLD,United States of America,Netherlands,ASY,Dispersed in the country / territory,V,U,0,0,0,0,0,0,0,0,0,0,0,0,0,0,14
2018,USA,NLD,United States of America,Netherlands,REF,Dispersed in the country / territory,V,U,0,0,0,0,0,0,0,0,0,0,0,0,0,0,6
2018,USA,NOR,United States of America,Norway,ASY,Dispersed in the country / territory,V,U,0,0,0,0,0,0,0,0,0,0,0,0,0,0,0
2018,USA,NOR,United States of America,Norway,REF,Dispersed in the country / territory,V,U,0,0,0,0,0,0,0,0,0,0,0,0,0,0,0
2018,USA,NZL,United States of America,New Zealand,ASY,Dispersed in the country / territory,V,U,0,0,0,0,0,0,0,0,0,0,0,0,0,0,0
2018,USA,PAN,United States of America,Panama,ASY,Dispersed in the country / territory,V,U,0,0,0,0,0,0,0,0,0,0,0,0,0,0,0
2018,USA,PAN,United States of America,Panama,REF,Dispersed in the country / territory,V,U,0,0,0,0,0,0,0,0,0,0,0,0,0,0,0
2018,USA,PER,United States of America,Peru,ASY,Dispersed in the country / territory,U,I,0,0,0,0,0,0,0,0,0,0,5,0,0,5,5
2018,USA,PHL,United States of America,Philippines,ASY,Dispersed in the country / territory,V,I,0,0,0,0,0,0,0,0,0,0,0,0,0,0,0
2018,USA,POL,United States of America,Poland,REF,Dispersed in the country / territory,V,U,0,0,0,0,0,0,0,0,0,0,0,0,0,0,0
2018,USA,RUS,United States of America,Russian Federation,ASY,Dispersed in the country / territory,V,U,0,0,0,0,0,0,0,0,0,0,0,0,0,0,0
2018,USA,RUS,United States of America,Russian Federation,REF,Dispersed in the country / territory,V,U,0,0,0,0,0,0,0,0,0,0,0,0,0,0,5
2018,USA,SOM,United States of America,Somalia,ASY,Woqooyi Galbeed : Gobolka - Region,U,I,0,0,0,0,0,0,0,0,0,0,0,0,0,0,0
2018,USA,SOM,United States of America,Somalia,REF,Bari : Gobolka - Region,U,I,0,0,0,0,0,0,0,0,0,0,0,0,0,0,0
2018,USA,ESP,United States of America,Spain,ASY,Dispersed in the country / territory,V,U,0,0,0,0,0,0,0,0,0,0,0,0,0,0,35
2018,USA,SWE,United States of America,Sweden,ASY,Dispersed in the country / territory,V,U,0,0,0,0,0,0,0,0,0,0,0,0,0,0,15
2018,USA,SWE,United States of America,Sweden,REF,Dispersed in the country / territory,V,U,0,0,0,0,0,0,0,0,0,0,0,0,0,0,20
2018,USA,CHE,United States of America,Switzerland,ASY,Dispersed in the country / territory,V,C,0,0,0,0,0,0,0,0,0,0,5,0,0,5,5
2018,USA,CHE,United States of America,Switzerland,REF,Dispersed in the country / territory,V,U,0,0,0,0,0,0,0,0,0,0,0,0,0,0,0
2018,USA,URY,United States of America,Uruguay,ASY,Montevideo : Department,U,I,0,0,0,0,0,0,0,0,0,0,0,0,0,0,0
2018,USA,VEN,United States of America,Venezuela (Bolivarian Republic of),REF,Dispersed in the country / territory,V,I,0,0,0,0,0,0,0,0,0,0,0,0,0,0,0
2019,USA,ARG,United States of America,Argentina,ASY,Dispersed in the country / territory,U,I,0,0,0,0,0,0,0,0,0,0,0,0,0,0,0
2019,USA,ARG,United States of America,Argentina,ASY,Dispersed in the country / territory,V,U,0,0,0,0,0,0,0,0,0,0,0,0,0,0,8
2019,USA,ARG,United States of America,Argentina,REF,Dispersed in the country / territory,U,I,0,0,0,0,0,0,0,0,0,0,5,0,0,5,5
2019,USA,AUS,United States of America,Australia,ASY,Dispersed in the country / territory,V,U,0,0,0,0,0,0,0,0,0,0,0,0,0,0,44
2019,USA,AUS,United States of America,Australia,REF,Dispersed in the country / territory,V,U,0,0,0,0,0,0,0,0,0,0,0,0,0,0,15
2019,USA,AUT,United States of America,Austria,REF,Dispersed in the country / territory,V,U,0,0,0,0,0,0,0,0,0,0,0,0,0,0,5
2019,USA,AZE,United States of America,Azerbaijan,ASY,Baku : Municipality,U,I,0,0,0,0,0,0,0,0,0,0,0,0,0,0,0
2019,USA,BDI,United States of America,Burundi,OOC,Bujumbura: Town,U,I,0,5,0,0,0,0,5,0,0,0,0,0,0,0,5
2019,USA,BEL,United States of America,Belgium,ASY,Dispersed in the country / territory,V,U,0,0,0,0,0,0,0,0,0,0,0,0,0,0,5
2019,USA,BEL,United States of America,Belgium,REF,Dispersed in the country / territory,V,U,0,0,0,0,0,0,0,0,0,0,0,0,0,0,0
2019,USA,BRA,United States of America,Brazil,ASY,Dispersed in the country / territory,V,U,0,0,0,0,0,0,0,0,0,0,0,0,0,0,47
2019,USA,BRA,United States of America,Brazil,REF,Dispersed in the country / territory,V,U,0,0,0,0,0,0,0,0,0,0,0,0,0,0,0
2019,USA,CAN,United States of America,Canada,ASY,Dispersed in the country / territory,V,U,0,0,0,0,0,0,0,0,0,0,0,0,0,0,2445
2019,USA,CHL,United States of America,Chile,ASY,Dispersed in the country / territory,V,U,0,0,0,0,0,0,0,0,0,0,0,0,0,0,5
2019,USA,CRI,United States of America,Costa Rica,ASY,Dispersed in the country / territory,V,U,0,0,0,0,0,0,0,0,0,0,0,0,0,0,31
2019,USA,CRI,United States of America,Costa Rica,REF,Dispersed in the country / territory,V,U,0,0,0,0,0,0,0,0,0,0,0,0,0,0,5
2019,USA,DNK,United States of America,Denmark,ASY,Dispersed in the country / territory,V,U,0,0,0,0,0,0,0,0,0,0,0,0,0,0,0
2019,USA,DOM,United States of America,Dominican Republic,ASY,Dispersed in the country / territory,U,I,0,0,0,0,0,0,0,0,0,0,5,0,0,5,5
2019,USA,ECU,United States of America,Ecuador,ASY,Dispersed in the country / territory,V,U,0,0,0,0,0,0,0,0,0,0,0,0,0,0,5
2019,USA,ECU,United States of America,Ecuador,REF,Dispersed in the country / territory,V,U,0,0,0,0,0,0,0,0,0,0,0,0,0,0,7
2019,USA,FIN,United States of America,Finland,ASY,Dispersed in the country / territory,V,U,0,0,0,0,0,0,0,0,0,0,0,0,7,7,7
2019,USA,FIN,United States of America,Finland,REF,Dispersed in the country / territory,V,U,0,0,0,0,0,0,0,0,0,0,0,0,0,0,0
2019,USA,FRA,United States of America,France,ASY,Dispersed in the country / territory,V,U,0,0,0,0,0,0,0,0,0,0,0,0,0,0,5
2019,USA,FRA,United States of America,France,REF,Dispersed in the country / territory,U,U,0,0,0,0,0,0,0,0,0,0,0,0,0,0,0
2019,USA,GBR,United States of America,United Kingdom of Great Britain and Northern Ireland,ASY,Dispersed in the country / territory,V,U,0,0,0,0,0,46,46,0,0,0,0,0,35,35,81
2019,USA,GBR,United States of America,United Kingdom of Great Britain and Northern Ireland,REF,Dispersed in the country / territory,V,U,0,0,0,0,0,0,0,0,0,0,0,0,0,0,58
2019,USA,GEO,United States of America,Georgia,ASY,Dispersed in the country / territory,V,U,0,0,0,0,0,0,0,0,0,0,0,0,0,0,0
2019,USA,DEU,United States of America,Germany,ASY,Dispersed in the country / territory,V,U,7,0,0,5,0,0,12,0,7,0,5,0,0,12,24
2019,USA,DEU,United States of America,Germany,REF,Dispersed in the country / territory,V,U,0,10,19,26,10,0,65,5,10,19,23,11,0,68,133
2019,USA,GRC,United States of America,Greece,ASY,Dispersed in the country / territory,V,U,0,0,0,0,0,0,0,0,0,0,0,0,5,5,5
2019,USA,GTM,United States of America,Guatemala,ASY,Dispersed in the country / territory,V,U,0,0,0,0,0,0,0,0,0,0,0,0,0,0,5
2019,USA,HUN,United States of America,Hungary,ASY,Dispersed in the country / territory,V,U,0,0,0,0,0,0,0,0,0,0,0,0,0,0,0
2019,USA,HUN,United States of America,Hungary,REF,Dispersed in the country / territory,V,U,0,0,0,0,0,0,0,0,0,0,0,0,0,0,0
2019,USA,ISL,United States of America,Iceland,ASY,Dispersed in the country / territory,V,U,0,0,0,0,0,0,0,0,0,0,0,0,0,0,0
2019,USA,IRL,United States of America,Ireland,ASY,Dispersed in the country / territory,V,U,0,0,0,6,0,0,6,0,0,0,6,5,0,11,17
2019,USA,ISR,United States of America,Israel,ASY,Dispersed in the country / territory,V,U,0,0,0,0,0,0,0,0,0,0,0,0,0,0,0
2019,USA,ITA,United States of America,Italy,ASY,Dispersed in the country / territory,V,U,0,0,0,0,0,0,0,0,0,0,0,0,0,0,0
2019,USA,ITA,United States of America,Italy,REF,Dispersed in the country / territory,V,U,0,0,0,0,0,0,0,0,0,0,0,0,0,0,5
2019,USA,JOR,United States of America,Jordan,OOC,Amman : Governorate,U,I,0,0,7,0,0,0,7,0,0,0,0,0,0,0,7
2019,USA,KOR,United States of America,Republic of Korea,ASY,Dispersed in the country / territory,V,U,0,0,0,0,0,0,0,0,0,0,0,0,0,0,5
2019,USA,LBN,United States of America,Lebanon,OOC,Mount Lebanon : Mohafazah - Governorate,U,U,0,0,0,0,0,0,0,0,0,0,0,0,0,0,0
2019,USA,MRT,United States of America,Mauritania,ASY,Nouakchott and Nouadhibou : Regional grouping,U,I,0,0,0,0,0,0,0,0,0,0,0,0,0,0,0
2019,USA,MDA,United States of America,Republic of Moldova,ASY,Dispersed in the country / territory,V,U,0,0,0,0,0,0,0,0,0,0,0,0,0,0,0
2019,USA,MEX,United States of America,Mexico,ASY,Dispersed in the country / territory,U,I,7,11,5,6,0,0,29,0,5,9,17,0,0,31,60
2019,USA,MEX,United States of America,Mexico,REF,Dispersed in the country / territory,V,U,0,0,0,0,0,0,0,0,0,0,0,0,0,0,18
2019,USA,MYS,United States of America,Malaysia,REF,Kuala Lumpur : Wilayah Persekutuan - Federal territory,U,I,8,0,0,0,0,0,8,0,0,0,0,0,0,0,8
2019,USA,NLD,United States of America,Netherlands,ASY,Dispersed in the country / territory,V,U,0,0,0,0,0,7,7,0,0,0,0,0,7,7,14
2019,USA,NLD,United States of America,Netherlands,REF,Dispersed in the country / territory,V,U,0,0,0,0,0,0,0,0,0,0,0,0,0,0,17
2019,USA,NOR,United States of America,Norway,ASY,Dispersed in the country / territory,V,U,0,0,0,0,0,0,0,0,0,0,0,0,0,0,0
2019,USA,NOR,United States of America,Norway,REF,Dispersed in the country / territory,V,U,0,0,0,0,0,0,0,0,0,0,0,0,0,0,0
2019,USA,NZL,United States of America,New Zealand,ASY,Dispersed in the country / territory,V,U,0,0,0,0,0,0,0,0,0,0,0,0,0,0,0
2019,USA,PAN,United States of America,Panama,ASY,Dispersed in the country / territory,V,U,0,0,0,0,0,0,0,0,0,0,0,0,0,0,0
2019,USA,PAN,United States of America,Panama,REF,Dispersed in the country / territory,V,U,0,0,0,0,0,0,0,0,0,0,0,0,0,0,0
2019,USA,PER,United States of America,Peru,ASY,Dispersed in the country / territory,V,U,0,0,0,0,0,0,0,0,0,0,0,0,0,0,5
2019,USA,PHL,United States of America,Philippines,ASY,CALABARZON (Region IV-A ) : Region,U,I,0,0,0,0,0,0,0,0,0,0,0,0,0,0,0
2019,USA,PHL,United States of America,Philippines,ASY,Central Luzon (Region III) : Region,U,I,0,0,0,0,0,0,0,0,0,0,0,0,5,5,5
2019,USA,PHL,United States of America,Philippines,ASY,Region 7,U,I,0,0,0,0,0,0,0,0,0,0,0,0,0,0,0
2019,USA,POL,United States of America,Poland,ASY,Dispersed in the country / territory,V,U,0,0,0,0,0,0,0,0,0,0,0,0,0,0,0
2019,USA,POL,United States of America,Poland,REF,Dispersed in the country / territory,V,U,0,0,0,0,0,0,0,0,0,0,0,0,0,0,0
2019,USA,ZAF,United States of America,South Africa,ASY,Dispersed in the country / territory,V,U,0,0,0,0,0,0,0,0,0,0,0,0,0,0,0
2019,USA,RUS,United States of America,Russian Federation,ASY,Dispersed in the country / territory,V,U,0,0,0,0,0,0,0,0,0,0,0,0,0,0,0
2019,USA,RUS,United States of America,Russian Federation,REF,Dispersed in the country / territory,V,U,0,0,0,0,0,0,0,0,0,0,0,0,0,0,0
2019,USA,SOM,United States of America,Somalia,REF,Bari : Gobolka - Region,U,I,0,0,0,0,0,0,0,0,0,0,0,0,0,0,0
2019,USA,ESP,United States of America,Spain,ASY,Dispersed in the country / territory,U,I,0,0,0,0,0,35,35,0,0,0,0,0,50,50,85
2019,USA,ESP,United States of America,Spain,REF,Dispersed in the country / territory,V,U,0,0,0,0,0,0,0,0,0,0,0,0,0,0,0
2019,USA,SWE,United States of America,Sweden,ASY,Dispersed in the country / territory,V,U,0,0,0,0,0,9,9,0,0,0,0,0,14,14,23
2019,USA,SWE,United States of America,Sweden,REF,Dispersed in the country / territory,V,U,0,0,0,0,0,0,0,0,0,0,0,0,0,0,22
2019,USA,CHE,United States of America,Switzerland,REF,Dispersed in the country / territory,V,U,0,0,0,0,0,0,0,0,0,0,0,0,0,0,0
2019,USA,ARE,United States of America,United Arab Emirates,OOC,Abu Dhabi : Emirate,U,I,0,0,0,0,0,0,0,0,0,0,0,0,0,0,0
2019,USA,URY,United States of America,Uruguay,ASY,Montevideo : Department,U,I,0,0,0,0,0,0,0,0,0,0,0,0,0,0,0
2019,USA,URY,United States of America,Uruguay,OOC,Montevideo : Department,U,I,0,0,0,0,0,0,0,0,0,0,0,0,0,0,0
2019,USA,VEN,United States of America,Venezuela (Bolivarian Republic of),REF,Dispersed in the country / territory,V,I,0,0,0,0,0,0,0,0,0,0,0,0,0,0,0
2020,USA,ARG,United States of America,Argentina,ASY,Dispersed in the country / territory,V,I,0,0,5,0,0,0,5,0,0,0,0,0,0,0,10
2020,USA,ARG,United States of America,Argentina,REF,Dispersed in the country / territory,V,I,0,0,0,0,0,0,0,0,0,0,5,0,0,5,5
2020,USA,AUS,United States of America,Australia,ASY,Dispersed in the country / territory,V,U,0,0,0,0,0,0,0,0,0,0,0,0,0,0,51
2020,USA,AUS,United States of America,Australia,REF,Dispersed in the country / territory,V,U,0,0,0,0,0,0,0,0,0,0,0,0,0,0,17
2020,USA,AUT,United States of America,Austria,REF,Dispersed in the country / territory,V,U,0,0,0,0,0,0,0,0,0,0,0,0,0,0,5
2020,USA,BEL,United States of America,Belgium,ASY,Dispersed in the country / territory,V,C,0,0,0,0,0,10,10,0,0,0,0,0,5,5,15
2020,USA,BLR,United States of America,Belarus,ASY,Dispersed in the country / territory,U,R,0,0,0,0,0,0,0,0,0,0,0,0,0,0,0
2020,USA,BRA,United States of America,Brazil,ASY,Dispersed in the country / territory,U,U,0,0,0,0,0,0,0,0,0,0,0,0,0,0,50
2020,USA,BRA,United States of America,Brazil,REF,Dispersed in the country / territory,U,U,0,0,0,0,0,0,0,0,0,0,0,0,0,0,0
2020,USA,CAN,United States of America,Canada,ASY,Dispersed in the country / territory,U,I,582,190,63,24,0,86,945,627,236,67,30,0,27,987,1932
2020,USA,CAN,United States of America,Canada,REF,Dispersed in the country / territory,U,I,6,0,0,0,0,0,6,0,6,0,0,0,0,6,12
2020,USA,CHN,United States of America,China,ASY,Dispersed in the country / territory,U,I,0,0,0,0,0,0,0,0,0,0,0,0,0,0,0
2020,USA,CHL,United States of America,Chile,ASY,Dispersed in the country / territory,V,I,0,0,0,0,0,0,0,0,0,0,0,0,0,0,5
2020,USA,CRI,United States of America,Costa Rica,ASY,Dispersed in the country / territory,V,I,0,0,0,0,0,0,0,0,0,0,0,0,0,0,30
2020,USA,CRI,United States of America,Costa Rica,REF,Dispersed in the country / territory,V,I,0,0,0,0,0,0,0,0,0,0,0,0,0,0,5
2020,USA,DOM,United States of America,Dominican Republic,ASY,Dispersed in the country / territory,U,I,0,0,0,0,0,0,0,0,0,0,0,0,0,0,0
2020,USA,ECU,United States of America,Ecuador,ASY,Dispersed in the country / territory,V,U,0,0,0,0,0,0,0,0,0,0,0,6,0,6,6
2020,USA,ECU,United States of America,Ecuador,REF,Dispersed in the country / territory,V,U,0,0,0,0,0,0,0,0,0,8,0,0,0,8,8
2020,USA,FJI,United States of America,Fiji,ASY,Suva : Point,V,U,0,0,0,0,0,0,0,0,0,0,0,0,0,0,0
2020,USA,FIN,United States of America,Finland,ASY,Dispersed in the country / territory,V,U,0,0,0,0,0,0,0,0,0,0,0,0,5,5,5
2020,USA,FIN,United States of America,Finland,REF,Dispersed in the country / territory,V,U,0,0,0,0,0,0,0,0,0,0,0,0,0,0,0
2020,USA,FRA,United States of America,France,ASY,Dispersed in the country / territory,V,U,0,0,0,0,0,0,0,0,0,0,0,0,5,5,5
2020,USA,FRA,United States of America,France,REF,Dispersed in the country / territory,V,U,0,0,0,0,0,0,0,0,0,0,0,0,0,0,0
2020,USA,GBR,United States of America,United Kingdom of Great Britain and Northern Ireland,ASY,Dispersed in the country / territory,V,U,0,0,0,0,0,33,33,0,0,0,0,0,70,70,103
2020,USA,GBR,United States of America,United Kingdom of Great Britain and Northern Ireland,REF,Dispersed in the country / territory,V,U,0,0,0,0,0,0,0,0,0,0,0,0,0,0,62
2020,USA,GEO,United States of America,Georgia,ASY,Dispersed in the country / territory,V,U,0,0,0,0,0,0,0,0,0,0,0,0,0,0,0
2020,USA,DEU,United States of America,Germany,ASY,Dispersed in the country / territory,V,U,9,0,0,0,0,0,9,0,9,0,7,0,0,16,25
2020,USA,DEU,United States of America,Germany,REF,Dispersed in the country / territory,V,U,0,10,18,27,10,0,65,5,11,17,24,12,0,69,134
2020,USA,GRC,United States of America,Greece,ASY,Dispersed in the country / territory,V,U,0,0,0,0,0,0,0,0,0,0,0,0,0,0,0
2020,USA,GTM,United States of America,Guatemala,ASY,Dispersed in the country / territory,V,U,0,0,0,0,0,0,0,0,0,0,0,0,0,0,0
2020,USA,GTM,United States of America,Guatemala,REF,Dispersed in the country / territory,V,U,0,0,0,0,0,0,0,0,0,0,0,0,0,0,0
2020,USA,HUN,United States of America,Hungary,REF,Dispersed in the country / territory,V,U,0,0,0,0,0,0,0,0,0,0,0,0,0,0,0
2020,USA,IRL,United States of America,Ireland,ASY,Dispersed in the country / territory,V,U,0,0,0,10,0,0,10,0,5,0,6,0,0,11,21
2020,USA,ISR,United States of America,Israel,ASY,Dispersed in the country / territory,U,I,0,0,0,0,0,0,0,0,0,0,0,0,0,0,0
2020,USA,ITA,United States of America,Italy,ASY,Dispersed in the country / territory,V,U,0,0,0,0,0,0,0,0,0,0,0,0,0,0,8
2020,USA,JOR,United States of America,Jordan,ASY,Amman : Governorate,U,I,0,0,0,0,0,0,0,0,0,0,0,0,0,0,0
2020,USA,JOR,United States of America,Jordan,OOC,Amman : Governorate,U,I,0,0,7,0,0,0,7,0,0,0,0,0,0,0,7
2020,USA,KOR,United States of America,Republic of Korea,ASY,Dispersed in the country / territory,U,I,0,0,0,0,0,0,0,0,0,0,0,0,0,0,5
2020,USA,LTU,United States of America,Lithuania,ASY,Dispersed in the country / territory,V,U,0,0,0,0,0,0,0,0,0,0,0,0,0,0,0
2020,USA,MDA,United States of America,Republic of Moldova,ASY,Dispersed in the country / territory,V,I,0,0,0,0,0,0,0,0,0,0,0,0,0,0,0
2020,USA,MEX,United States of America,Mexico,ASY,Dispersed in the country / territory,U,I,10,13,7,9,0,0,39,8,5,9,24,0,0,46,85
2020,USA,MEX,United States of America,Mexico,REF,Dispersed in the country / territory,U,I,0,0,0,0,0,0,0,0,0,0,0,0,0,0,27
2020,USA,MYS,United States of America,Malaysia,REF,Dispersed in the country / territory,V,U,0,0,0,0,0,0,0,0,0,0,0,0,0,0,8
2020,USA,MYS,United States of America,Malaysia,REF,Kuala Lumpur : Wilayah Persekutuan - Federal territory,U,I,0,0,0,0,0,0,0,0,0,0,0,0,0,0,0
2020,USA,NLD,United States of America,Netherlands,ASY,Dispersed in the country / territory,V,U,0,0,0,0,0,6,6,0,0,0,0,0,0,0,6
2020,USA,NLD,United States of America,Netherlands,REF,Dispersed in the country / territory,V,U,0,0,0,0,0,0,0,0,0,0,0,0,0,0,29
2020,USA,NOR,United States of America,Norway,REF,Dispersed in the country / territory,V,U,0,0,0,0,0,0,0,0,0,0,0,0,0,0,0
2020,USA,NZL,United States of America,New Zealand,ASY,Dispersed in the country / territory,V,U,0,0,0,0,0,0,0,0,0,0,0,0,0,0,0
2020,USA,PAN,United States of America,Panama,REF,Dispersed in the country / territory,V,U,0,0,0,0,0,0,0,0,0,0,0,0,0,0,0
2020,USA,PER,United States of America,Peru,ASY,Dispersed in the country / territory,V,U,0,0,0,0,0,0,0,0,0,0,0,0,0,0,5
2020,USA,PHL,United States of America,Philippines,ASY,CALABARZON (Region IV-A ) : Region,U,I,0,0,0,0,0,0,0,0,0,0,0,0,0,0,0
2020,USA,PHL,United States of America,Philippines,ASY,Ilocos Region,U,I,0,0,0,0,0,0,0,0,0,0,0,5,0,5,5
2020,USA,POL,United States of America,Poland,ASY,Dispersed in the country / territory,V,U,0,0,0,0,0,0,0,0,0,0,0,0,0,0,0
2020,USA,PRT,United States of America,Portugal,ASY,Dispersed in the country / territory,V,U,0,0,0,0,0,0,0,0,0,0,0,0,5,5,5
2020,USA,RUS,United States of America,Russian Federation,ASY,Dispersed in the country / territory,U,I,0,0,0,0,0,0,0,0,0,0,0,0,0,0,0
2020,USA,RUS,United States of America,Russian Federation,REF,Dispersed in the country / territory,U,I,0,0,0,0,0,0,0,0,0,0,0,0,0,0,5
2020,USA,SAU,United States of America,Saudi Arabia,ASY,Dispersed in the country / territory,U,I,0,0,0,0,0,0,0,0,0,0,0,0,0,0,0
2020,USA,ESP,United States of America,Spain,ASY,Dispersed in the country / territory,U,I,0,0,0,0,0,45,45,0,0,0,0,0,55,55,100
2020,USA,ESP,United States of America,Spain,REF,Dispersed in the country / territory,U,I,0,0,0,0,0,0,0,0,0,0,0,0,0,0,11
2020,USA,SWE,United States of America,Sweden,ASY,Dispersed in the country / territory,V,U,0,0,0,0,0,6,6,0,0,0,0,0,9,9,15
2020,USA,SWE,United States of America,Sweden,REF,Dispersed in the country / territory,V,U,0,0,0,0,0,0,0,0,0,0,0,0,0,0,22
2020,USA,CHE,United States of America,Switzerland,ASY,Dispersed in the country / territory,V,U,0,0,0,0,0,0,0,0,0,0,0,0,0,0,0
2020,USA,CHE,United States of America,Switzerland,REF,Dispersed in the country / territory,V,U,0,0,0,0,0,0,0,0,0,0,0,0,0,0,0
2020,USA,TZA,United States of America,United Republic of Tanzania,ASY,Dar es Salaam : Region,U,I,0,0,0,0,0,0,0,0,0,0,0,0,0,0,0
2020,USA,ARE,United States of America,United Arab Emirates,OOC,Abu Dhabi : Emirate,U,I,0,0,0,0,0,0,0,0,0,0,0,0,0,0,0
2020,USA,VEN,United States of America,Venezuela (Bolivarian Republic of),REF,Dispersed in the country / territory,U,I,0,0,0,0,0,0,0,0,0,0,0,0,0,0,0
2020,USA,ZMB,United States of America,Zambia,ASY,Lusaka : District,U,I,0,0,0,0,0,0,0,0,0,0,0,0,0,0,0
